codigo_materia_prima;descricao_materia_prima;consumo_mp_12_meses;consumo_mp_6_meses;consumo_mp_3_meses;media_12_meses;media_6_meses;media_3_meses;maior_media
401108;PARAFUSO PLASTIC PAN PHS 5 X 25MM ZI;557716,0;263085,0;134121,0;46476,3333;43847,5;44707,0;46476,3333
401068;ARRUELA LISA 1/4 FE ZI;336872,0;152186,0;80778,0;28072,6667;25364,3333;26926,0;28072,6667
401169;PF JMP PAN PHS 3,5X14MM ZI;248168,0;101004,0;49362,0;20680,6667;16834,0;16454,0;20680,6667
401207;PF A/A JMC DRILL FL PHS C/ SERRILHA PTA BROCA 4,2X13MM ZI;240954,0;109366,0;55658,0;20079,5;18227,6667;18552,6667;20079,5
401156;PARAFUSO MAD SX 1/4 X 70MM ZI;238160,0;108404,0;55068,0;19846,6667;18067,3333;18356,0;19846,6667
402028;BUCHA PLASTICA N10;238160,0;108404,0;55068,0;19846,6667;18067,3333;18356,0;19846,6667
401163;PARAFUSO PLASTIC PAN PHS 5 X 12MM ZI;226195,0;101705,0;57159,0;18849,5833;16950,8333;19053,0;19053,0
401085;PORCA F MQ UNC SEXT. 1/4 (CH7/16) ZI (NSC);208539,0;91432,0;54499,0;17378,25;15238,6667;18166,3333;18166,3333
100802;TRANSMISSOR 433MHZ REMOTE - MODELO: AGL-E2  (DIGITAL KEY 6P20 BLACK);168648,0;75428,0;37894,0;14054,0;12571,3333;12631,3333;14054,0
402019;PINO ELÁSTICO 4 X 24MM;129969,0;61573,0;30890,0;10830,75;10262,1667;10296,6667;10830,75
208003;IMÃ DE FERRITE - B40X20X10MM;119728,0;54312,0;27646,0;9977,3333;9052,0;9215,3333;9977,3333
813331;SUPORTE DE INSTALAÇÃO DO IMÃ DZ;119728,0;54312,0;27646,0;9977,3333;9052,0;9215,3333;9977,3333
813144;SUPORTE DO IMA DE FIM DE CURSO DESLIZANTE;119316,0;54304,0;27646,0;9943,0;9050,6667;9215,3333;9943,0
813235;BUCHA DO EIXO DESLIZANTE SEXTAVADA;119264,0;54194,0;27534,0;9938,6667;9032,3333;9178,0;9938,6667
401160;PARAFUSO MQ HXL M5 X 16MM RI T25 ZBR;117648,0;50838,0;26112,0;9804,0;8473,0;8704,0;9804,0
401164;PARAFUSO MQ UNC SX RI 1/4 X 1/2 ZI;112018,0;48208,0;28988,0;9334,8333;8034,6667;9662,6667;9662,6667
201125;GRAMPO 35/18 UNIDADE;115670,0;41404,0;21142,0;9639,1667;6900,6667;7047,3333;9639,1667
401095;PARAFUSO MET SXT RI M6-1.00MA X 20 ZI;102784,0;38488,0;20816,0;8565,3333;6414,6667;6938,6667;8565,3333
401115;PARAFUSO MQ UNC SXT RI 1/4 X 1.1/4 - ZI;95868,0;43086,0;25482,0;7989,0;7181,0;8494,0;8494,0
813173;ARRUELA 1,2MM EIXO DESLIZANTE;101878,0;48670,0;24727,0;8489,8333;8111,6667;8242,3333;8489,8333
402012;ANEL ELÁSTICO E-20;101366,0;40741,0;20941,0;8447,1667;6790,1667;6980,3333;8447,1667
402015;ANEL ELÁSTICO E12;100087,0;37460,0;17293,0;8340,5833;6243,3333;5764,3333;8340,5833
401014;PARAFUSO 2.9 X 6.5 A/A PAN PHS ZI;99339,0;45050,0;23348,0;8278,25;7508,3333;7782,6667;8278,25
401031;ARRUELA LISA M6;96820,0;38428,0;20772,0;8068,3333;6404,6667;6924,0;8068,3333
811311;ETIQUETA ADES. BOPP FOSCO C/DFAM 50MM X 25MM X 02 CAR;96770,0;41371,0;21346,0;8064,1667;6895,1667;7115,3333;8064,1667
813250;CHAVE CILINDRO MOTOR DESLIZANTE NYLON (MODELO NOVO);95250,0;46392,0;23658,0;7937,5;7732,0;7886,0;7937,5
811306;ETIQUETA ADES. COUCHE 100MM X 80MM X 01 CAR;92787,0;44606,0;23065,0;7732,25;7434,3333;7688,3333;7732,25
813527;COPO DO PINO ELÁSTICO DO EIXO ESTAMPADO;83343,0;42128,0;22084,0;6945,25;7021,3333;7361,3333;7361,3333
811541;SACO PLASTICO TRANSPARENTE 30CM X 15CM;85536,0;37557,0;19773,0;7128,0;6259,5;6591,0;7128,0
401007;PARAFUSO 4.8 X 13 A/A PN. PH - ZI;81886,0;33494,0;15536,0;6823,8333;5582,3333;5178,6667;6823,8333
103064;CONECTOR FÊMEA EC601V-5.08-3P GREEN BAG/BULK (EC601V-5.08-3P);81822,0;37542,0;18896,0;6818,5;6257,0;6298,6667;6818,5
401069;PARAFUSO 2 9X13MM A/A PAN PHS ZI;68464,0;33708,0;20392,0;5705,3333;5618,0;6797,3333;6797,3333
100817;SENSOR REED SWITCH (MODELO FLEX-14 1315);51206,0;36868,0;19646,0;4267,1667;6144,6667;6548,6667;6548,6667
813051;SUPORTE FIM DE CURSO BASCULANTE;50472,0;36868,0;19646,0;4206,0;6144,6667;6548,6667;6548,6667
401208;PA MQ PN HXL T25 TMA 5X12 RI ZB;75140,0;35902,0;16390,0;6261,6667;5983,6667;5463,3333;6261,6667
813522;CHAVETA QUADRADA 8MMX33,4MM;63271,0;29545,0;14754,0;5272,5833;4924,1667;4918,0;5272,5833
411017;ROLAMENTOS 6201-08 ZZ C3;60592,0;26354,0;12828,0;5049,3333;4392,3333;4276,0;5049,3333
813014;LINGUETA DO CILINDRO DA ALAVANCA DE DESTRAVAMENTO MANUAL DZ ZI;59758,0;27202,0;13823,0;4979,8333;4533,6667;4607,6667;4979,8333
804247;BASE DA CENTRAL DESLIZANTE;59534,0;27152,0;13783,0;4961,1667;4525,3333;4594,3333;4961,1667
804248;TAMPA DA CENTRAL DESLIZANTE;59484,0;27102,0;13774,0;4957,0;4517,0;4591,3333;4957,0
813237;PINO DESTRAVAMENTO TRINO;59334,0;27097,0;13767,0;4944,5;4516,1667;4589,0;4944,5
813009;ALAVANCA PARA DESTRAVAMENTO MANUAL;59334,0;27097,0;13767,0;4944,5;4516,1667;4589,0;4944,5
813410;BUCHA DE CENTRAGEM DO EIXO DO ROTOR DZ;59334,0;27097,0;13767,0;4944,5;4516,1667;4589,0;4944,5
403032;MOLA DE DESTRAVAMENTO DESLIZANTE;59334,0;27097,0;13767,0;4944,5;4516,1667;4589,0;4944,5
813455;SENSOR DE FIM DE CURSO REED DESLIZANTE;59334,0;27097,0;13767,0;4944,5;4516,1667;4589,0;4944,5
813409;TAMPÃO DO ENGRENAGEM EXTERNA MOTORES DZ;59334,0;27097,0;13767,0;4944,5;4516,1667;4589,0;4944,5
813289;ENGRENAGEM INTERNA DE 1 ENTRADA DZ E NEWBV SEM IMÃ;58146,0;27892,0;13288,0;4845,5;4648,6667;4429,3333;4845,5
811122;MANUAL P / AUTOMATIZADOR DZ/BV/NEW BV CENTRAL FLEX/LIGHT EM PORTUGUÊS;53540,0;27655,0;14486,0;4461,6667;4609,1667;4828,6667;4828,6667
401157;PARAFUSO PAN ZBR P/ CHAVE TORX M5 X 30MM T25;56039,0;24092,0;14484,0;4669,9167;4015,3333;4828,0;4828,0
813015;FIM DE CURSO MECANICO - ZINCADO;55980,0;24086,0;14480,0;4665,0;4014,3333;4826,6667;4826,6667
401161;PARAFUSO PAN ZBR P/ CHAVE TORX M5 X 20MM T25;54393,0;25089,0;11424,0;4532,75;4181,5;3808,0;4532,75
813251;SEM FIM DE UMA ENTRADA ALUMÍNIO TR LIGTH/ TR300/ TR500;54026,0;25291,0;12827,0;4502,1667;4215,1667;4275,6667;4502,1667
816565;CREMALHEIRA PERFIL AÇO GOMO DE PLÁSTICO 0,25M;50676,0;26472,0;12672,0;4223,0;4412,0;4224,0;4412,0
811921;CAIXA PARDA MOTOR DESLIZANTE AGL ( MEIA ABA REFORÇADA);52863,0;24475,0;12315,0;4405,25;4079,1667;4105,0;4405,25
101889;CAPACITOR FIXO C/DIELETRICO DE POLIPROPILENO BIORIENTADO P/MOTORES CMLW CANECA PLASTICA 12uf 250V;51728,0;22990,0;9254,0;4310,6667;3831,6667;3084,6667;4310,6667
804542;BASE INFERIOR PP MOTORES DESLIZANTES;51118,0;25106,0;12712,0;4259,8333;4184,3333;4237,3333;4259,8333
402032;ANEL DE RETENÇÃO ORING 4,47 X 1,78MM;50724,0;24144,0;10920,0;4227,0;4024,0;3640,0;4227,0
804540;BASE SUPERIOR PP DO MOTOR DESLIZANTE;50175,0;24724,0;12612,0;4181,25;4120,6667;4204,0;4204,0
813249;CILINDRO MOTOR DESLIZANTE NYLON;47625,0;23196,0;11829,0;3968,75;3866,0;3943,0;3968,75
813293;MIOLO DO CILINDRO NYLON MOTOR DESLIZANTE;47625,0;23196,0;11829,0;3968,75;3866,0;3943,0;3968,75
801132;ARGOLA DA CHAVE;47590,0;23196,0;11829,0;3965,8333;3866,0;3943,0;3965,8333
813294;PORCA DO CILINDRO NYLON MOTOR DESLIZANTE;47436,0;23144,0;11805,0;3953,0;3857,3333;3935,0;3953,0
813096;ENGRENAGEM EXTERNA 17D PARA EIXO ESTAMPADO TRINO LIGHT/300;46924,0;23114,0;11793,0;3910,3333;3852,3333;3931,0;3931,0
401260;PARAFUSO MQ PN HXL T25 TMA 5X45 PS 30 ZB (ROSCA COMPLETA);46924,0;23114,0;11793,0;3910,3333;3852,3333;3931,0;3931,0
813525;EIXO ESTAMPADO PARA MOTOR TRINO LIGHT/300 - ZINCADO;46924,0;23114,0;11793,0;3910,3333;3852,3333;3931,0;3931,0
208004;IMÃ DE FERRITE - B20X13X5MM;46315,0;19234,0;11487,0;3859,5833;3205,6667;3829,0;3859,5833
813024;TAMPA PROTEÇÃO DO MOTOR - PRETA;43169,0;21425,0;11566,0;3597,4167;3570,8333;3855,3333;3855,3333
402017;CP DE FERRO ZINCADO 3/16 X 1. 1/4;41789,0;17655,0;9878,0;3482,4167;2942,5;3292,6667;3482,4167
201038;PERFIL AL SOL 7 STLF-0864 6063;33538,9694;11281,0005;9993,5688;2794,9141;1880,1667;3331,1896;3331,1896
911130;PLACA REVISADA NOVA CENTRAL BASIC G/LIGHT;36299,0;18578,0;9803,0;3024,9167;3096,3333;3267,6667;3267,6667
411039;TARUGO PE CINZA 10 mm;37532,1;16165,85;9609,55;3127,675;2694,3083;3203,1833;3203,1833
401121;ABRAÇADEIRA UV PRETA 202X3,7;35722,0;14735,0;9568,0;2976,8333;2455,8333;3189,3333;3189,3333
401162;PARAFUSO PAN ZBR P/ CHAVE TORX M5 X 25MM T25;36777,0;7684,0;3432,0;3064,75;1280,6667;1144,0;3064,75
811505;SACO PLASTICO TRANSPARENTE 14CM X 9CM;29179,0;15804,0;8329,0;2431,5833;2634,0;2776,3333;2776,3333
512002;CONJUNTO ESTATOR E ROTOR AGL DESL P17 1/7 cv 04 42Z 220V 60HZ;28819,0;13220,0;5035,0;2401,5833;2203,3333;1678,3333;2401,5833
813234;CHAVETA 8MMX33,4MM;27249,0;10627,0;5967,0;2270,75;1771,1667;1989,0;2270,75
512001;CONJUNTO ESTATOR E ROTOR AGL DESL P17 1/7 cv 04 42Z 127V 60HZ;18582,0;9924,0;6770,0;1548,5;1654,0;2256,6667;2256,6667
401198;PARAFUSO PLASTIC PAN PHILLIPS 4 X 10 ZB - ZINCADO;27036,0;10912,0;6012,0;2253,0;1818,6667;2004,0;2253,0
813321;PINO TRAVA PIVO - ZINCADO;24163,0;9729,0;5262,0;2013,5833;1621,5;1754,0;2013,5833
101890;CAPACITOR FIXO C/DIELETRICO DE POLIPROPILENO BIORIENTADO P/MOTORES CMLW CANECA PLASTICA 25uf 250V;13854,0;8634,0;6039,0;1154,5;1439,0;2013,0;2013,0
911080;PLACA REVISADA CENTRAL FLEX;23507,0;10619,0;5184,0;1958,9167;1769,8333;1728,0;1958,9167
813025;VENTOINHA DOS MOTORES;23390,0;9833,0;5090,0;1949,1667;1638,8333;1696,6667;1949,1667
403049;MOLA PARA DESTRAVAMENTO PIVOTANTE;18407,0;9664,0;5588,0;1533,9167;1610,6667;1862,6667;1862,6667
202094;AÇO RED LAM Ø 12MM 6M 1020;21947,4198;5796,2874;3930,9686;1828,9516;966,0479;1310,3229;1828,9516
401134;PARAFUSO PAN CRUZ 3,5MMX27MM (FABR. AGL) - ZINCADO (PROD);18896,0;9604,0;5190,0;1574,6667;1600,6667;1730,0;1730,0
813262;ACOPLAMENTO DO NEW BV/BV/PIVO;19484,0;8208,0;5046,0;1623,6667;1368,0;1682,0;1682,0
813108;SEM FIM DE DUAS ENTRADAS AÇO BV ANTIGO/ BV3/ BV4;19639,0;8485,0;4358,0;1636,5833;1414,1667;1452,6667;1636,5833
813033;TAMPA DE PROTEÇÃO DA VENTOINHA;19639,0;8485,0;4358,0;1636,5833;1414,1667;1452,6667;1636,5833
813270;CARCAÇA DE MOTOR BV/PIVO SUPERIOR;19639,0;8485,0;4358,0;1636,5833;1414,1667;1452,6667;1636,5833
813271;CARCAÇA DE MOTOR BV/PIVO INFERIOR;19639,0;8485,0;4358,0;1636,5833;1414,1667;1452,6667;1636,5833
813047;PASSA FIO DO BV;19639,0;8485,0;4358,0;1636,5833;1414,1667;1452,6667;1636,5833
813043;BUCHA DE CENTRAGEM DO SEM FIM DO BASCULANTE;19639,0;8485,0;4358,0;1636,5833;1414,1667;1452,6667;1636,5833
813280;CRUZETA DO MANCAL;19535,0;8167,0;4669,0;1627,9167;1361,1667;1556,3333;1627,9167
701147;EIXO PRINCIPAL DO ACIONAMENTO BV/PIVO - BRUTO;19534,0;8167,0;4669,0;1627,8333;1361,1667;1556,3333;1627,8333
813054;MANCAL PERFIL INFERIOR;19531,0;8167,0;4669,0;1627,5833;1361,1667;1556,3333;1627,5833
804508;COROA DO MOVIMENTADOR BV/PIVO NYLON Ø 20MM;19529,0;8165,0;4667,0;1627,4167;1360,8333;1555,6667;1627,4167
813521;SUPORTE DA BUCHA MANCAL MODELO NOVO (P/ EIXO 20MM);19481,0;8146,0;4652,0;1623,4167;1357,6667;1550,6667;1623,4167
813281;SUPORTE ORELHA DO BV/PIVÔ;19481,0;8146,0;4652,0;1623,4167;1357,6667;1550,6667;1623,4167
813511;PINO DESTRAVAMENTO LINHA BV/ PORTA CADEADO HZ/ ESTICAD. CANCELA;16873,0;7555,0;4433,0;1406,0833;1259,1667;1477,6667;1477,6667
813515;CALÇO DO ESTATOR P28 BV/PIVO;17288,0;6670,0;3856,0;1440,6667;1111,6667;1285,3333;1440,6667
811761;SACO PLASTICO TRANSPARENTE 14CM X 40CM;16337,0;7195,0;4251,0;1361,4167;1199,1667;1417,0;1417,0
813048;MANCAL PERFIL SUPERIOR BV;15988,0;7181,0;4247,0;1332,3333;1196,8333;1415,6667;1415,6667
813517;SUPORTE UNIVERSAL PORCA DO FUSO;16013,0;7181,0;4247,0;1334,4167;1196,8333;1415,6667;1415,6667
813277;ROLAMENTO PLÁSTICO DO FUSO BV;15985,0;7181,0;4247,0;1332,0833;1196,8333;1415,6667;1415,6667
401303;ABRAÇADEIRA UV PRETA 300X3,6;15272,0;7181,0;4247,0;1272,6667;1196,8333;1415,6667;1415,6667
501084;GRAXA BRANCA SACHE 15G;15272,0;7181,0;4247,0;1272,6667;1196,8333;1415,6667;1415,6667
804430;CAPA DO ROLAMENTO DOS MOTORES;16908,0;8048,0;3640,0;1409,0;1341,3333;1213,3333;1409,0
811276;ETIQUETA ADES. COUCHE 40MM X 25MM X 02 CAR;11168,0;6908,0;4124,0;930,6667;1151,3333;1374,6667;1374,6667
208006;ANEL ENCODER - ROUND MAGNET;15764,0;5773,0;2383,0;1313,6667;962,1667;794,3333;1313,6667
402013;RETENTOR GR 20X30X7 TC GTOP;15646,0;7722,0;3530,0;1303,8333;1287,0;1176,6667;1303,8333
911079;PLACA REVISADA DO MODULO WIFI/BLUETOOTH CENTRAL IZZY;15566,0;5814,0;2586,0;1297,1667;969,0;862,0;1297,1667
811040;MANUAL DE INSTALAÇÃO LINHA IZZY QR CODE BILINGUE;15565,0;5813,0;2585,0;1297,0833;968,8333;861,6667;1297,0833
813507;CASE DE PROTEÇÃO DO MÓDULO WIFI IZZY;15550,0;5809,0;2584,0;1295,8333;968,1667;861,3333;1295,8333
813260;CALÇO DO ESTATOR NEW BV;15520,0;7716,0;3542,0;1293,3333;1286,0;1180,6667;1293,3333
813292;BRACINHO ARTICULADO BV E NEW BV;14274,0;6475,0;3875,0;1189,5;1079,1667;1291,6667;1291,6667
813477;EIXO DE TRAÇÃO DA PORCA ACIONADORA - ZINCADO;14309,0;6475,0;3875,0;1192,4167;1079,1667;1291,6667;1291,6667
813263;ROLAMENTO PLÁSTICO EIXO ENGRENAGEM;15403,0;7607,0;3437,0;1283,5833;1267,8333;1145,6667;1283,5833
911127;PLACA REVISADA NOVA CENTRAL IZZY;15325,0;5783,0;2574,0;1277,0833;963,8333;858,0;1277,0833
813034;TAMPA LISA DO REDUTOR DA CARCAÇA DO BASCULANTE;15240,0;7338,0;3510,0;1270,0;1223,0;1170,0;1270,0
401199;PORCA PARLOCK MA 6MM ZB;13971,0;7453,0;3768,0;1164,25;1242,1667;1256,0;1256,0
813601;SENSOR DE FIM DE CURSO REED BV/NEW BV/PIVO 1,5M;13050,0;6068,0;3706,0;1087,5;1011,3333;1235,3333;1235,3333
101309;CAPACITOR FIXO C/DIELETRICO DE POLIPROPILENO BIORIENTADO P/MOTORES CMRW CANECA PLASTICA 30UF 250V 50;14651,0;5427,0;2958,0;1220,9167;904,5;986,0;1220,9167
401109;PF A/A PAN PHS 3,9 X 13MM ZI;12386,0;6602,0;3642,0;1032,1667;1100,3333;1214,0;1214,0
813412;DISCO DE FRICÇÃO DE CELEROM Ø20MM;14463,0;5856,0;3545,0;1205,25;976,0;1181,6667;1205,25
813524;COPO DE FREIO PIVOTANTE/ NEW BV SPEED;14463,0;5856,0;3545,0;1205,25;976,0;1181,6667;1205,25
403047;MOLA DO FREIO MOTOR PIVOTANTE/ NEW BV;14432,0;5831,0;3529,0;1202,6667;971,8333;1176,3333;1202,6667
813399;PERFIL AL 1,5M SOL 7 STLF-0864 6063;11000,0;5315,0;3572,0;916,6667;885,8333;1190,6667;1190,6667
811104;GABARITO DE INSTALAÇÃO LINHA TRINO;14054,0;5008,0;2063,0;1171,1667;834,6667;687,6667;1171,1667
813248;TAMPA PROTEÇÃO DO MOTOR - GRAFITE;13672,0;4854,0;1933,0;1139,3333;809,0;644,3333;1139,3333
402036;BUCHA PLASTICA N06;13404,0;5408,0;2990,0;1117,0;901,3333;996,6667;1117,0
802036;PARTE DE FECHADURAS - CILINDRO COM CHAVE PARA MOTOR - CYLINDER;12936,0;4396,0;2192,0;1078,0;732,6667;730,6667;1078,0
804462;ACABAMENTO DO TUBO INOX PIVÔ/BARREIRA ARTICULADA;12386,0;5112,0;3137,0;1032,1667;852,0;1045,6667;1045,6667
701154;EIXO MOTOR DESLIZANTE - BRUTO;12410,0;3983,0;1974,0;1034,1667;663,8333;658,0;1034,1667
813037;ENGRENAGEM EXTERNA MOTOR 17 DENTES;12410,0;3983,0;1974,0;1034,1667;663,8333;658,0;1034,1667
401143;ABRAÇADEIRA UV PRETA 100 X 2,5;12133,0;4006,0;1994,0;1011,0833;667,6667;664,6667;1011,0833
813309;PINO DESTRAVAMENTO PIVO;12091,0;4818,0;2604,0;1007,5833;803,0;868,0;1007,5833
813310;CILINDRO CHAVE PIVO;12079,0;4816,0;2603,0;1006,5833;802,6667;867,6667;1006,5833
813318;ARRUELA EM T;12044,0;4872,0;2993,0;1003,6667;812,0;997,6667;1003,6667
813316;PORCA DO FUSO 2 ENTRADAS PIVO (FÊMEA);12044,0;4872,0;2993,0;1003,6667;812,0;997,6667;1003,6667
813315;PORCA DO FUSO 2 ENTRADAS PIVO (MACHO);12044,0;4872,0;2993,0;1003,6667;812,0;997,6667;1003,6667
813317;MANCAL SUPERIOR DO PIVO;12024,0;4862,0;2993,0;1002,0;810,3333;997,6667;1002,0
813311;CHAVE PIVO;12019,0;4816,0;2603,0;1001,5833;802,6667;867,6667;1001,5833
813319;TRAVA MAIOR SUPORTE FX PIVO - ZINCADO;11991,0;4802,0;2595,0;999,25;800,3333;865,0;999,25
813320;TRAVA MENOR SUPORTE FX PIVO - ZINCADO;11991,0;4802,0;2595,0;999,25;800,3333;865,0;999,25
501043;GRAXA BRANCA UNILIT NAUTIX SACHE;6380,0;4852,0;2993,0;531,6667;808,6667;997,6667;997,6667
412161;ROTOR AGL BV/PIVO P33 1/4 cv 04;11759,0;5150,0;2430,0;979,9167;858,3333;810,0;979,9167
103130;CABO CONECTOR TERMINAL WHITE WIRE BLK-PH-3P L180 BOX (BLK-PH-3P L180);10981,0;4205,0;1558,0;915,0833;700,8333;519,3333;915,0833
813508;SUPORTE DO ENCODER INDUSTRIAL/DZ 300 SEM TAMPA;10929,0;4205,0;1558,0;910,75;700,8333;519,3333;910,75
813509;TAMPA DO ENCODER INDUSTRIAL/DZ 300;10929,0;4205,0;1558,0;910,75;700,8333;519,3333;910,75
101553;SENSOR EFEITO HALL AH3781-P-B 0,30W HALL LATCH SWITCH SIP-3 BULK (AH3781-P-B);10557,0;4100,0;1502,0;879,75;683,3333;500,6667;879,75
813529;DISCO DO ENCODER DZ (LADO FÊMEA);10505,0;4100,0;1502,0;875,4167;683,3333;500,6667;875,4167
813528;DISCO DO ENCODER DZ (LADO MACHO);10505,0;4100,0;1502,0;875,4167;683,3333;500,6667;875,4167
813101;CREMALHEIRA PERFIL AÇO GOMO DE ALUMÍNIO 1,5M;9552,0;2310,0;634,0;796,0;385,0;211,3333;796,0
813396;PERFIL AL 0,75M SOL 7 STLF-0864 6063;9342,0;3814,0;2142,0;778,5;635,6667;714,0;778,5
813459;TUBO DE INOX CORTADO PARA PIVO 0,75M;9332,0;3814,0;2142,0;777,6667;635,6667;714,0;777,6667
813182;FUSO P 7.5MM DE 0,75M E 2 ENTRADAS PIVO;9332,0;3814,0;2142,0;777,6667;635,6667;714,0;777,6667
411048;TUBO 304 A554 C/C 25,40 X 1,20MM POLIDO;9267,94;4035,86;2060,48;772,3283;672,6433;686,8267;772,3283
813253;SEM FIM DE 1 ENTRADA AÇO;9171,0;4092,0;1599,0;764,25;682,0;533,0;764,25
412150;ESTATOR BOBINADO AGL BV/NEW BV/PIVO P33 1/4 cv 04 42z 220V 60Hz;8669,0;4153,0;2286,0;722,4167;692,1667;762,0;762,0
701164;PINO TRAVA PIVO - BRUTO;4473,0;2946,0;2246,0;372,75;491,0;748,6667;748,6667
205016;TUBO EM AÇO COM DIÂMETRO DE 20MM DE AÇO COMUM - SIZE OD*ID (MM) - 20.5*13 ASTM A106 GR.B;8932,6474;3357,4423;1574,441;744,3873;559,5737;524,8137;744,3873
813306;SUPORTE ORELHA DO NEW BV;8566,0;3851,0;2198,0;713,8333;641,8333;732,6667;732,6667
103153;CABO CONECTOR TERMINAL WHITE WIRE BLK-4P 1050/650 BOX (BLK-4P 1050/650);8788,0;4242,0;1650,0;732,3333;707,0;550,0;732,3333
813599;SENSOR DE FIM DE CURSO REED BV/NEW BV/PIVO 0,75M;4788,0;3814,0;2142,0;399,0;635,6667;714,0;714,0
811775;CAIXA MOTOR BASCULANTE NOVA 23,0 X 16,0 X 24,5;8501,0;4059,0;1820,0;708,4167;676,5;606,6667;708,4167
813265;CARCAÇA SUPERIOR NEW BV;8455,0;4024,0;1820,0;704,5833;670,6667;606,6667;704,5833
701155;EIXO PRINCIPAL DO NEW BV - BRUTO;8454,0;4024,0;1820,0;704,5;670,6667;606,6667;704,5
813257;BASE CENTRAL NEW BV;8452,0;4024,0;1820,0;704,3333;670,6667;606,6667;704,3333
813256;TAMPA DA CENTRAL NEW BV;8452,0;4024,0;1820,0;704,3333;670,6667;606,6667;704,3333
811329;ETIQUETA ADES. COUCHE 100MM X 80MM X 01 CAR AZUL;7889,0;3630,0;2060,0;657,4167;605,0;686,6667;686,6667
813540;CARTUCHO DA PORCA DE 6 ENTRADAS P.60 1/2;7889,0;3630,0;2060,0;657,4167;605,0;686,6667;686,6667
813395;PASSA FIO DO NEW BV;7788,0;3861,0;1765,0;649,0;643,5;588,3333;649,0
811729;CAIXA MOTOR BASCULANTE AGL 18,9 X 14,1 X 23,4;7620,0;3669,0;1755,0;635,0;611,5;585,0;635,0
813038;BASE CENTRAL DO BV;7617,0;3669,0;1755,0;634,75;611,5;585,0;634,75
813179;TAMPA DA CENTRAL DO BV;7617,0;3669,0;1755,0;634,75;611,5;585,0;634,75
401173;REBITE C/ROSCA SEXT. M5 CAB. PLANA ZB;7518,0;3710,0;1830,0;626,5;618,3333;610,0;626,5
813254;PINO DA GUIA DE CENTRAGEM;7484,0;2820,0;1516,0;623,6667;470,0;505,3333;623,6667
401254;PARAFUSO PA ALLEN  M6 x 12;6896,0;3664,0;1848,0;574,6667;610,6667;616,0;616,0
412155;ESTATOR BOBINADO AGL BV/NEW BV/PIVO P28 1/5 cv 04 42 220V 60Hz;6102,0;3396,0;1623,0;508,5;566,0;541,0;566,0
804326;BASE DE PROTEÇÃO DA CENTRAL NEW PIVO;6702,0;2704,0;1495,0;558,5;450,6667;498,3333;558,5
804327;TAMPA DE PROTEÇÃO DA CENTRAL NEW PIVO;6702,0;2704,0;1495,0;558,5;450,6667;498,3333;558,5
811802;CAIXA MASTER 12 - CX DA CENTRAL PIVÔ;6657,0;2694,0;1495,0;554,75;449,0;498,3333;554,75
813364;FUSO P.60 Ø 1/2'' DE 1,5M;5158,0;2395,0;1633,0;429,8333;399,1667;544,3333;544,3333
412027;ROTOR AGL BV/PIVO P28 1/5 cv 04;6496,0;2297,0;1090,0;541,3333;382,8333;363,3333;541,3333
813258;CARCAÇA INFERIOR NEW BV SEM FURO ENCODER;6471,0;3075,0;1252,0;539,25;512,5;417,3333;539,25
804261;BASE SUPERIOR NYLON DO MOTOR DESLIZANTE C/ ENCODER;6436,0;1816,0;940,0;536,3333;302,6667;313,3333;536,3333
813199;BASE DE ALUMÍNIO MOTORES DESLIZANTES;6409,0;1220,0;544,0;534,0833;203,3333;181,3333;534,0833
811034;MANUAL DE INSTALAÇÃO LINHA PIVOTANTE SEM LOGO PORTUGUÊS (CENTRAL FLEX / DUPLA);5566,0;2694,0;1495,0;463,8333;449,0;498,3333;498,3333
202033;AÇO RED TREF SAE 1020 12.70;5797,3372;1121,148;457,5065;483,1114;186,858;152,5022;483,1114
202045;AÇO RED TREF SAE 1020 12.00;5756,0494;2406,749;1208,0632;479,6708;401,1248;402,6877;479,6708
501043;GRAXA BRANCA SACHE 10G;5642,0;10,0;0,0;470,1667;1,6667;0,0;470,1667
811801;CAIXA MASTER 7 - CALÇO CABEÇA DO MOTOR PIVÔ;5634,0;14,0;8,0;469,5;2,3333;2,6667;469,5
916325;CANALETA FLEXÍVEL PARA LED DA BARREIRA;4106,0;2267,0;1385,0;342,1667;377,8333;461,6667;461,6667
911156;PLACA REVISADA NOVA CENTRAL DUPLA;5279,0;2097,0;1099,0;439,9167;349,5;366,3333;439,9167
412023;ESTATOR BOBINADO AGL BV/NEW BV/PIVO P33 1/4 cv 04 42z 127V 60Hz;5150,0;2400,0;1197,0;429,1667;400,0;399,0;429,1667
813094;ENGRENAGEM INTERNA DE 1 ENTRADA DZ E NEWBV;4828,0;1413,0;624,0;402,3333;235,5;208,0;402,3333
813083;CREMALHEIRA PERFIL AÇO GOMO DE ALUMÍNIO 1,0M;4650,0;0,0;0,0;387,5;0,0;0,0;387,5
813255;SEM FIM DE DUAS ENTRADAS AÇO DZ/ NEW BV;4591,0;1738,0;1161,0;382,5833;289,6667;387,0;387,0
103159;CABO CONECTOR TERMINAL WHITE WIRE BLK-4P 800/450 BOX (BLK-4P 800/450);2176,0;1603,0;1154,0;181,3333;267,1667;384,6667;384,6667
401012;PARAFUSO 3.5 X 13 CH. PH - OXI;3968,0;1898,0;1136,0;330,6667;316,3333;378,6667;378,6667
811818;TERMO DE GARANTIA ESPANHOL;4505,0;870,0;25,0;375,4167;145,0;8,3333;375,4167
401182;PARAFUSO AÇO MET CIL SX INT M10X40MM OX;4498,0;2226,0;1098,0;374,8333;371,0;366,0;374,8333
811787;MANUAL P / AUTOMATIZADOR DZ/BV/NEW BV CENTRAL FLEX/LIGHT EM ESPANHOL SEM LOGO;4454,0;785,0;0,0;371,1667;130,8333;0,0;371,1667
811913;CAIXA MOTOR TRINO LOG (CREMALHEIRA EMBARCADA);4223,0;2206,0;1056,0;351,9167;367,6667;352,0;367,6667
811914;DIVISÓRIA DE PAPELÃO DA CAIXA TRINO LOG;4223,0;2206,0;1056,0;351,9167;367,6667;352,0;367,6667
811915;CAIXA MOTOR PIVO DUPLO S/ ACIONAMENTO;2761,0;2113,0;1100,0;230,0833;352,1667;366,6667;366,6667
813030;DISCO DE FRICÇÃO DE CELEROM;4394,0;1446,0;438,0;366,1667;241,0;146,0;366,1667
412162;ROTOR AGL NEW BV P33 1/3 cv 04;2961,0;1423,0;1053,0;246,75;237,1667;351,0;351,0
813039;VENEZIANA DOS MOTORES;4175,0;1453,0;788,0;347,9167;242,1667;262,6667;347,9167
101307;CAPACITOR FIXO C/DIELETRICO DE POLIPROPILENO BIORIENTADO P/MOTORES CMRW CANECA PLASTICA 20uf 250V 50;4161,0;1604,0;1024,0;346,75;267,3333;341,3333;346,75
402018;ESPAGUETE LISO 10MMX150MM;4107,0;1850,25;918,15;342,25;308,375;306,05;342,25
811756;CAIXA MASTER 1 - CAIXA PIVÔ VIOLÃO C/ IMPRESSÃO 50X75;4104,0;12,0;6,0;342,0;2,0;2,0;342,0
401141;PARAFUSO AÇO MET CIL SX INT M6X30MM OX;3631,0;1957,0;996,0;302,5833;326,1667;332,0;332,0
201039;PERFIL AL SOL 7 STLF-0846 6063 T5;1486,5543;1438,3921;958,2221;123,8795;239,732;319,4074;319,4074
102573;BOBINA TUBULAR PEBD LEITOSA IMPRESA P/ ACIONAMENTO DE MOTORES;3152,2789;1620,2956;956,0342;262,6899;270,0493;318,6781;318,6781
811327;ETIQUETA ADES. COUCHE 100MM X 80MM X 01 CAR AMARELA;3020,0;1352,0;936,0;251,6667;225,3333;312,0;312,0
813532;CARTUCHO DA PORCA 4 ENTRADAS;3045,0;1352,0;936,0;253,75;225,3333;312,0;312,0
813040;MANCAL DE CENTRAGEM;3742,0;1410,0;758,0;311,8333;235,0;252,6667;311,8333
401051;PARAFUSO PA ALLEN M6 x 20;3448,0;1832,0;924,0;287,3333;305,3333;308,0;308,0
813050;FUSO P 7.5MM DE 1,5M E 4 ENTRADAS BV;2507,0;1291,0;921,0;208,9167;215,1667;307,0;307,0
804256;ACABAMENTO PERFIL BARREIRA S/ FURO;2494,0;1486,0;906,0;207,8333;247,6667;302,0;302,0
202058;AÇO RED TREF SAE 1020 31.00;3575,823;676,7895;210,3067;297,9853;112,7983;70,1022;297,9853
412027;ROTOR AGL BV/PIVO P28 4 POLOS;1380,0;1038,0;838,0;115,0;173,0;279,3333;279,3333
804118;BORRACHA PASSANTE;2765,0;1502,0;816,0;230,4167;250,3333;272,0;272,0
412008;ESTATOR BOBINADO AGL BV/NEW BV/PIVO P28 1/5 cv 04 42 127V 60Hz;3185,0;1255,0;785,0;265,4167;209,1667;261,6667;265,4167
411058;CORDÃO ESPONJOSO 1/8  Ø 3MM + 0,4MM (ANEL DE VEDAÇÃO);3153,64;717,92;430,5;262,8033;119,6533;143,5;262,8033
813295;ENGRENAGEM 2 ENTRADAS NEW BV SEM IMÃ;1970,0;866,0;775,0;164,1667;144,3333;258,3333;258,3333
402042;CHUMBADOR PBJ PARABOLT MQ UNC 3/8X3 ZI;3004,0;1484,0;732,0;250,3333;247,3333;244,0;250,3333
804554;CARTUCHO DA PORCA DE 5 ENTRADAS;2542,0;1269,0;738,0;211,8333;211,5;246,0;246,0
811328;ETIQUETA ADES. COUCHE 100MM X 80MM X 01 CAR VERDE;2532,0;1269,0;738,0;211,0;211,5;246,0;246,0
412147;ROTOR AGL NEW BV P28 1/5 cv 04;2731,0;1456,0;580,0;227,5833;242,6667;193,3333;242,6667
103145;CABO CONECTOR TERMINAL WHITE WIRE BLK-4P 2300/650 BOX (BLK-4P 2300/650);1451,0;1451,0;700,0;120,9167;241,8333;233,3333;241,8333
813017;FUSO P 7.5MM DE 1,5M E 5 ENTRADAS;2369,0;1216,0;710,0;197,4167;202,6667;236,6667;236,6667
916117;FITA LED 5050 RGB 60 LED S/M IP65 12 V 5M;1879,64;1092,82;686,22;156,6367;182,1367;228,74;228,74
512005;CONJUNTO ESTATOR E ROTOR AGL DESL P28 1/4 cv 04 42Z 220V 60Hz;2412,0;1237,0;676,0;201,0;206,1667;225,3333;225,3333
401201;PORCA PARLOCK MA 8MM ZB;1611,0;1125,0;648,0;134,25;187,5;216,0;216,0
813100;ENGRENAGEM INTERNA DE ZAMAC DO DESLIZANTE TRINO 700/900 1 ENTRADA 300/500/SOFT;2268,0;878,0;614,0;189,0;146,3333;204,6667;204,6667
510027;INLUB GRAX MP 2/TI;2366,294;1073,664;543,758;197,1912;178,944;181,2527;197,1912
813398;PERFIL AL 1,4M SOL 7 STLF-0864 6063;2349,0;954,0;307,0;195,75;159,0;102,3333;195,75
101311;CAPACITOR FIXO C/DIELETRICO DE POLIPROPILENO BIORIENTADO P/MOTORES CMRW CANECA PLASTICA 50uf 250V 50;1803,0;688,0;587,0;150,25;114,6667;195,6667;195,6667
103131;CABO CONECTOR TERMINAL WHITE WIRE BLK-PH-3P L500 BOX (BLK-PH-3P L500);1982,0;949,0;568,0;165,1667;158,1667;189,3333;189,3333
813259;CARCAÇA INFERIOR NEW BV COM FURO ENCODER;1984,0;949,0;568,0;165,3333;158,1667;189,3333;189,3333
813266;TAMPA ENCODER;1978,0;943,0;566,0;164,8333;157,1667;188,6667;188,6667
101950;SENSOR MAGNÉTICO TIPO HALL AH3722A-P-B (MODELO AH3722A-P-B);1976,0;943,0;566,0;164,6667;157,1667;188,6667;188,6667
813267;SUPORTE ENCODER;1978,0;943,0;566,0;164,8333;157,1667;188,6667;188,6667
402034;ANEL DE RETENÇÃO ORING INTERNO 14MM X 2,6MM;1978,0;943,0;566,0;164,8333;157,1667;188,6667;188,6667
401218;ABRAC UV PRETA 400X4,8 - 100 PCS;2247,0;1113,0;549,0;187,25;185,5;183,0;187,25
512004;CONJUNTO ESTATOR E ROTOR AGL DESL P28 1/4 cv 04 42Z 127V 60Hz;2168,0;600,0;346,0;180,6667;100,0;115,3333;180,6667
811846;CAIXA MOTOR LINHA TRINO AGL 24,0 X 19,5 X 24,5 (ARTE TECLAM);2150,0;300,0;300,0;179,1667;50,0;100,0;179,1667
813240;CHAPA APOIO DESLIZANTE;2147,0;698,0;219,0;178,9167;116,3333;73,0;178,9167
403027;MOLA CÔNICA DO FREIO DESLIZANTE Ø 2.4;2147,0;698,0;219,0;178,9167;116,3333;73,0;178,9167
813099;ENGRENAGEM INTERNA DE ZAMAC DO DESLIZANTE TRINO SPEED 300/500/SOFT 2 ENTRADAS;2147,0;698,0;219,0;178,9167;116,3333;73,0;178,9167
813031;COPO DE FREIO;2147,0;698,0;219,0;178,9167;116,3333;73,0;178,9167
813036;TAMPA PROTEÇÃO DO MOTOR - CINZA;2111,0;664,0;138,0;175,9167;110,6667;46,0;175,9167
813151;BASE INFERIOR NYLON MOTORES DESLIZANTES;1807,0;771,0;511,0;150,5833;128,5;170,3333;170,3333
813307;FUSO P.60 Ø 1/2'' DE 1,4M;2023,0;954,0;307,0;168,5833;159,0;102,3333;168,5833
412119;ROTOR AGL NEW BV P17 1/7 cv 04;2010,0;924,0;85,0;167,5;154,0;28,3333;167,5
804259;BASE SUPERIOR SEM LOGO DO CONTROLE REMOTO INTER. DIGI. DIGITAL KEY - PRETO;1932,0;378,0;192,0;161,0;63,0;64,0;161,0
813128;GOMO ALUMINIO 25 CM P/ CREMALHEIRA MOTOR STRONG;1920,0;0,0;0,0;160,0;0,0;0,0;160,0
701179;TUBO Ø12MM BRUTO- BARREIRA ARTICULADA CANCELA;550,0;550,0;467,0;45,8333;91,6667;155,6667;155,6667
813610;CARTUCHO DA PORCA DE 6 ENTRADAS;1860,0;709,0;375,0;155,0;118,1667;125,0;155,0
813290;BRACINHO ARTICULADO DZ HORIZONTAL;1850,0;709,0;375,0;154,1667;118,1667;125,0;154,1667
804458;TRAVA DE APOIO DA BARREIRA CANCELA AGUSTA;1732,0;924,0;462,0;144,3333;154,0;154,0;154,0
813183;FUSO P 7.5MM DE 1,0M E 2 ENTRADAS;1359,0;468,0;462,0;113,25;78,0;154,0;154,0
813460;TUBO DE INOX CORTADO PARA PIVO 1,0M;1356,0;466,0;460,0;113,0;77,6667;153,3333;153,3333
813397;PERFIL AL 1,0M SOL 7 STLF-0864 6063;1366,0;466,0;460,0;113,8333;77,6667;153,3333;153,3333
103154;CABO CONECTOR TERMINAL WHITE WIRE BLK-4P 1300/650 BOX (BLK-4P 1300/650);1680,0;850,0;450,0;140,0;141,6667;150,0;150,0
103795;FIO PARALELO 1,5MM N14BC MEGA 100M;1797,6;890,4;439,2;149,8;148,4;146,4;149,8
804246;BASE SUPERIOR NYLON DO MOTOR DESLIZANTE;1780,0;175,0;115,0;148,3333;29,1667;38,3333;148,3333
412120;ESTATOR BOBINADO AGL NEW BV P17 1/7 cv 04 42Z 220V 60HZ;1700,0;880,0;50,0;141,6667;146,6667;16,6667;146,6667
202043;AÇO RED TREF SAE 1020 15,88;1576,688;877,9428;436,3428;131,3907;146,3238;145,4476;146,3238
401181;PARAFUSO AÇO MET CIL SX INT M8X50MM OX;1080,0;750,0;432,0;90,0;125,0;144,0;144,0
402024;CHUMBADOR CBJ C/PRISIONEIRO 3/8X110MM ZI;1696,0;420,0;224,0;141,3333;70,0;74,6667;141,3333
202010;AÇO RED TREF SAE 1010/20 21.00;1588,6243;674,4908;149,0681;132,3854;112,4151;49,6894;132,3854
811916;CAIXA MOTOR PIVO SIMPLES S/ ACIONAMENTO;893,0;606,0;395,0;74,4167;101,0;131,6667;131,6667
512003;CONJUNTO ESTATOR E ROTOR AGL DESL P17 1/7 cv 04 42Z 220V 50HZ;1560,0;80,0;0,0;130,0;13,3333;0,0;130,0
411015;ROLAMENTOS 6004 ZZ;1518,0;447,0;205,0;126,5;74,5;68,3333;126,5
813274;TAMPÃO P/ EIXO MOTOR DZ E GABINETE CANCELA;1504,0;743,0;367,0;125,3333;123,8333;122,3333;125,3333
102555;TECLADO EM BORRACHA PARA CONTROLE REMOTO - RUBBER KEY 4 KEYS;1498,0;742,0;366,0;124,8333;123,6667;122,0;124,8333
101819;BATERIA DE LITHIUM CR2032 210mAH 3V TRAY (CR2032);1498,0;742,0;366,0;124,8333;123,6667;122,0;124,8333
804165;BASE INFERIOR DO CONTROLE REMOTO INTER. DIGI. DIGITAL KEY - PRETO;1498,0;742,0;366,0;124,8333;123,6667;122,0;124,8333
804123;BASE SUPERIOR COM LOGO DO CONTROLE REMOTO INTER. DIGI. DIGITAL KEY - PRETO;1498,0;742,0;366,0;124,8333;123,6667;122,0;124,8333
100226;MICROCONTROLADOR  ZY-AGL 433 - REMOTE  PCB - ZYAGL.;1498,0;742,0;366,0;124,8333;123,6667;122,0;124,8333
804177;ALÇA DO CONTROLE REMOTO INTER. DIGI. DIGITAL KEY PRETO;1498,0;742,0;366,0;124,8333;123,6667;122,0;124,8333
512010;CONJUNTO ESTATOR E ROTOR AGL DESL P45 1/2 cv 04 42Z 127V 60Hz;1109,0;419,0;371,0;92,4167;69,8333;123,6667;123,6667
401166;PO F MET SEXT. M5 (CH8) ZI (NSC);1422,0;348,0;114,0;118,5;58,0;38,0;118,5
811760;CAIXA PARA CONTROLE REMOTO AGL 4,0 X 6,2;1300,0;700,0;300,0;108,3333;116,6667;100,0;116,6667
202034;AÇO RED TREF SAE 1020 14.29 SAE J403;1388,7095;289,1139;51,786;115,7258;48,1856;17,262;115,7258
103132;CABO CONECTOR TERMINAL WHITE WIRE BLK-PH-3P L1000 BOX (BLK-PH-3P L1000);959,0;552,0;346,0;79,9167;92,0;115,3333;115,3333
412145;ESTATOR BOBINADO AGL BV/NEW BV/PIVO P28 1/5 cv 04 42 220V 50Hz;1320,0;140,0;100,0;110,0;23,3333;33,3333;110,0
512011;CONJUNTO ESTATOR E ROTOR AGL DESL P45 1/2 cv 04 42Z 220V 60Hz;1268,0;582,0;186,0;105,6667;97,0;62,0;105,6667
103147;CABO CONECTOR TERMINAL WHITE WIRE BLK-4P 3300/650 BOX (BLK-4P 3300/650);560,0;560,0;300,0;46,6667;93,3333;100,0;100,0
103148;CABO CONECTOR TERMINAL WHITE WIRE BLK-4P 3800/650 BOX (BLK-4P 3800/650);1150,0;560,0;300,0;95,8333;93,3333;100,0;100,0
813568;PERFIL AL 4,0M STL 1851 CANCELAS;622,0;488,0;298,0;51,8333;81,3333;99,3333;99,3333
401077;PORCA F MET SEXTAVADA M10 (CH17) ZI;1188,0;464,0;237,0;99,0;77,3333;79,0;99,0
811037;MANUAL DE INSTALAÇÃO LINHA PIVOTANTE SEM LOGO ESPANHOL (CENTRAL FLEX / DUPLA);1136,0;10,0;0,0;94,6667;1,6667;0,0;94,6667
202062;AÇO RED TREF SAE 1020 5.00 SAE;1135,8609;480,9347;256,6709;94,6551;80,1558;85,557;94,6551
512009;CONJUNTO ESTATOR E ROTOR AGL DESL P33 1/4 cv 04 42Z 220V 50Hz;1103,0;185,0;0,0;91,9167;30,8333;0,0;91,9167
401190;PARAFUSO MET SX RI M10 X 100MM ZI;1020,0;461,0;234,0;85,0;76,8333;78,0;85,0
103144;CABO CONECTOR TERMINAL WHITE WIRE BLK-4P 1800/650 BOX (BLK-4P 1800/650);875,0;399,0;252,0;72,9167;66,5;84,0;84,0
811845;CAIXA MASTER 1 - CAIXA PIVÔ VIOLÃO C/ IMPRESSÃO 50X75  (ARTE TECLAM);1000,0;0,0;0,0;83,3333;0,0;0,0;83,3333
911124;PLACA REVISADA NOVA CENTRAL INVERSORA;987,0;274,0;106,0;82,25;45,6667;35,3333;82,25
202086;AÇO TREFILADO QUAD SAE 1020 H11 A36 5/16'';968,6316;421,972;212,412;80,7193;70,3287;70,804;80,7193
701233;EIXO DE TRAÇÃO DA PORCA ACIONADORA BV CADENA - BRUTO;473,0;473,0;0,0;39,4167;78,8333;0,0;78,8333
804541;BASE SUPERIOR PP DO MOTOR DESLIZANTE C/ ENCODER;943,0;382,0;100,0;78,5833;63,6667;33,3333;78,5833
401227;PARAFUSO CAB FRANCESA C/ PORCA 1/4 X 5/8 ZI;936,0;18,0;18,0;78,0;3,0;6,0;78,0
813557;PERFIL AL 0,50M SOL 7 STLF-0864 6063;933,0;330,0;195,0;77,75;55,0;65,0;77,75
813181;FUSO P 7.5MM DE 0,50M E 2 ENTRADAS;929,0;332,0;197,0;77,4167;55,3333;65,6667;77,4167
512008;CONJUNTO ESTATOR E ROTOR AGL DESL P33 1/4 cv 04 42Z 220V 60Hz;746,0;318,0;232,0;62,1667;53,0;77,3333;77,3333
401172;P ACO MET S/CAB SX INT PTA CONCOVA M8X20MM OX;862,0;458,0;231,0;71,8333;76,3333;77,0;77,0
813513;MANCAL DE JUNÇÃO DO SUPORTE DA BARREIRA (FÊMEA);862,0;458,0;231,0;71,8333;76,3333;77,0;77,0
813512;MANCAL DE JUNÇÃO DO SUPORTE DA BARREIRA (MACHO);862,0;458,0;231,0;71,8333;76,3333;77,0;77,0
813458;TUBO DE INOX CORTADO PARA PIVO 0,50M;923,0;330,0;195,0;76,9167;55,0;65,0;76,9167
813559;PERFIL AL 3,0M SOL 7 STLF-0864 6063;731,0;389,0;230,0;60,9167;64,8333;76,6667;76,6667
813591;SENSOR DE FIM DE CURSO REED BV/NEW BV 3,0M;731,0;389,0;230,0;60,9167;64,8333;76,6667;76,6667
801265;CHAPA EM U DO SUPORTE DA BARREIRA (MODELO FIX. MACHO E FÊMEA) - CINZA;841,0;452,0;225,0;70,0833;75,3333;75,0;75,3333
412149;ESTATOR BOBINADO AGL BV/NEW BV/PIVO P33 1/3 cv 04 42z 220V 50Hz;901,0;20,0;0,0;75,0833;3,3333;0,0;75,0833
401180;PARAFUSO AÇO MET CIL SX INT M8X45MM OX;543,0;375,0;216,0;45,25;62,5;72,0;72,0
804461;TAMPA CANCELA;858,0;428,0;197,0;71,5;71,3333;65,6667;71,5
411067;ROLAMENTO 6205LLUC3/2AS 25mm x 52mm x 15;848,0;210,0;112,0;70,6667;35,0;37,3333;70,6667
401006;PARAFUSO 4.8 X 19 PN. PH - ZI;848,0;210,0;112,0;70,6667;35,0;37,3333;70,6667
402023;ANEL ELÁSTICO E-25 X 12;848,0;210,0;112,0;70,6667;35,0;37,3333;70,6667
813189;FUSO P 7.5MM DE 3,0M E 6 ENTRADAS;617,0;343,0;205,0;51,4167;57,1667;68,3333;68,3333
916168;PFL PC LENTE P/LED C.6000MM LEITOSO;416,0;332,5;204,5;34,6667;55,4167;68,1667;68,1667
603516;ACESSORIOS PARA AUTOMATIZADOR BRUSHLESS DC MOTOR - FONTE DE ALIMENTAÇAO 24V / 10A;784,0;394,0;190,0;65,3333;65,6667;63,3333;65,6667
813400;PERFIL AL 2,0M SOL 7 STLF-0864 6063;786,0;320,0;120,0;65,5;53,3333;40,0;65,5
813589;SENSOR DE FIM DE CURSO REED BV/NEW BV 2,0M;786,0;320,0;120,0;65,5;53,3333;40,0;65,5
813184;FUSO P 7.5MM DE 1,5M E 2 ENTRADAS;411,0;252,0;196,0;34,25;42,0;65,3333;65,3333
813461;TUBO DE INOX CORTADO PARA PIVO 1,5M;411,0;252,0;196,0;34,25;42,0;65,3333;65,3333
603515;ACESSORIOS PARA AUTOMATIZADOR BRUSHLESS DC MOTOR - PAINEL CONTROLADOR;780,0;375,0;183,0;65,0;62,5;61,0;65,0
813572;PERFIL AL 6,0M STL 1851 CANCELAS;433,6667;277,0;195,0;36,1389;46,1667;65,0;65,0
412163;ROTOR AGL NEW BV P39;756,0;221,0;102,0;63,0;36,8333;34,0;63,0
603517;ACESSORIOS PARA AUTOMATIZADOR BRUSHLESS DC MOTOR - RECEPTOR PARA CENTRAL BRUSHLESS;754,0;372,0;184,0;62,8333;62,0;61,3333;62,8333
102815;FONTE DE ALIMENTAÇÃO 12V - 5A POWER SUPPLIER;751,0;371,0;183,0;62,5833;61,8333;61,0;62,5833
813440;BRAÇO ESTICADOR DA MOLA DA CANCELA;749,0;371,0;183,0;62,4167;61,8333;61,0;62,4167
102560;CONECTOR ELÉTRICO DE TORÇÃO MODELO P-1;749,0;371,0;183,0;62,4167;61,8333;61,0;62,4167
801243;PORTA DO GABINETE CANCELA - CINZA;741,0;372,0;184,0;61,75;62,0;61,3333;62,0
811043;MANUAL CANCELA BILINGUE SEM LOGO;743,0;369,0;183,0;61,9167;61,5;61,0;61,9167
801219;GABINETE DA CANCELA - CINZA;738,0;371,0;183,0;61,5;61,8333;61,0;61,8333
813614;PERFIL AL 3,0M STL 1851 CANCELAS;397,0;297,0;185,0;33,0833;49,5;61,6667;61,6667
801249;BASE SUPERIOR DE FIXAÇÃO DA CENTRAL NO GABINETE - CINZA;737,0;369,0;181,0;61,4167;61,5;60,3333;61,5
801272;SUPORTE DAS BATERIAS CANCELA AGUSTA - CINZA;735,0;369,0;181,0;61,25;61,5;60,3333;61,5
801242;SUPORTE DAS FONTES CANCELA AGUSTA - CINZA;737,0;369,0;181,0;61,4167;61,5;60,3333;61,5
811032;MANUAL DE INSTALAÇÃO LINHA DESLIZANTE BRABUS SEM LOGO BILÍNGUE (CENTRAL FX BRABUS);709,0;142,0;70,0;59,0833;23,6667;23,3333;59,0833
911117;PLACA REVISADA FX BRABUS;709,0;142,0;70,0;59,0833;23,6667;23,3333;59,0833
813569;PERFIL AL 4,5M STL 1851 CANCELAS;262,0;217,0;174,0;21,8333;36,1667;58,0;58,0
811041;MANUAL DE INSTALAÇÃO LINHA NEW BV TURBO SEM LOGO PORTUGUÊS (CENTRAL NEW INVERTER);681,0;171,0;57,0;56,75;28,5;19,0;56,75
813518;CARTUCHO DA PORCA 6 ENTRADAS P.60 5/8'';677,0;221,0;138,0;56,4167;36,8333;46,0;56,4167
811330;ETIQUETA ADES. COUCHE 100MM X 80MM X 01 CAR VERMELHA;677,0;221,0;138,0;56,4167;36,8333;46,0;56,4167
813247;ENGRENAGEM 2 ENTRADAS NEW BV COM IMÃ;474,0;174,0;167,0;39,5;29,0;55,6667;55,6667
412038;ESTATOR BOBINADO AGL NEW BV/BV SPEEDTURBO PRO P39 4P 3F 110V 60HZ;664,0;163,0;55,0;55,3333;27,1667;18,3333;55,3333
701173;GUIA ESTICADOR BRUTO - BARREIRA ARTICULADA CANCELA;172,0;172,0;158,0;14,3333;28,6667;52,6667;52,6667
701174;GUIA CABO BRUTO - BARREIRA ARTICULADA CANCELA;174,0;174,0;158,0;14,5;29,0;52,6667;52,6667
401283;"PARAFUSO CAB FRANCESA C/ PORCA 1/4 X 2"" ZI";624,0;12,0;12,0;52,0;2,0;4,0;52,0
813481;BATENTE MECÂNICO BV CADENA - ZINCADA;624,0;12,0;12,0;52,0;2,0;4,0;52,0
813562;PERFIL AL 3,25M SOL 7 STLF-0864 6063;590,0;0,0;0,0;49,1667;0,0;0,0;49,1667
813554;FUSO P 7.5MM DE 3,25M E 6 ENTRADAS;590,0;0,0;0,0;49,1667;0,0;0,0;49,1667
401279;PORCA TRAVANTE M10;358,0;250,0;144,0;29,8333;41,6667;48,0;48,0
401183;PORCA F MET SEXTAVADA M14 (CH22) ZI (ISC;370,0;250,0;144,0;30,8333;41,6667;48,0;48,0
401032;ARRUELA LISA M8 ZI;358,0;250,0;144,0;29,8333;41,6667;48,0;48,0
813366;FUSO P.60 Ø 1/2'' DE 2,0M;563,0;219,0;82,0;46,9167;36,5;27,3333;46,9167
813304;FUSO P.60 Ø 5/8'' DE 1,5M;555,0;161,0;112,0;46,25;26,8333;37,3333;46,25
401225;CORRENTE DE ROLO ASA 410 122 ELOS (3098MM) PARA ACIONAMENTO BV CADENA DE 1,5M;552,376;10,31;10,31;46,0313;1,7183;3,4367;46,0313
813203;TAMPA PROTEÇÃO DO MOTOR - BRANCA;312,0;134,0;130,0;26,0;22,3333;43,3333;43,3333
103146;CABO CONECTOR TERMINAL WHITE WIRE BLK-4P 2800/650 BOX (BLK-4P 2800/650);257,0;257,0;0,0;21,4167;42,8333;0,0;42,8333
512006;CONJUNTO ESTATOR E ROTOR AGL DESL P28 1/4 cv 04 42Z 220V 50Hz;485,0;230,0;0,0;40,4167;38,3333;0,0;40,4167
603518;ACESSORIOS PARA AUTOMATIZADOR BRUSHLESS DC MOTOR - MOLA DE CONTRA-PESO PARA CANCELA 1.2;411,0;241,0;114,0;34,25;40,1667;38,0;40,1667
916126;AUTOMATIZADOR PARA CANCELA - BRUSHLESS DC MOTOR - MODELO: 18B-1.2S;403,0;241,0;114,0;33,5833;40,1667;38,0;40,1667
813375;CANTONEIRA CREMALHEIRA MOTOR INDUSTRIAL;480,0;0,0;0,0;40,0;0,0;0,0;40,0
202026;AÇO RED TREF SAE 1020 25.40 SAE J403;246,6818;237,5228;0,0;20,5568;39,5871;0,0;39,5871
811742;CAIXA MASTER 11 - CAIXA PARA CANCELA COM LOGO AGL;439,0;233,0;78,0;36,5833;38,8333;26,0;38,8333
813153;BASE DE ALUMÍNIO SUPERIOR MOTOR DZ INDUSTRIAL;437,0;115,0;56,0;36,4167;19,1667;18,6667;36,4167
813241;BASE DE ALUMÍNIO INFERIOR MOTOR DZ INDUSTRIAL;437,0;115,0;56,0;36,4167;19,1667;18,6667;36,4167
811763;CAIXA MASTER 2 - CAIXA PIVÔ VIOLÃO 1 METRO COM IMPRESSÃO;430,0;0,0;0,0;35,8333;0,0;0,0;35,8333
811753;CAIXA MASTER 11 - CAIXA PARA CANCELA SEM LOGO;315,0;140,0;107,0;26,25;23,3333;35,6667;35,6667
102574;BOBINA TUBULAR PEBD LEITOSA LISA P/ ACIONAMENTO DE MOTORES;238,5838;130,3662;106,7922;19,882;21,7277;35,5974;35,5974
811771;CAIXA DO MOTOR INDUSTRIAL (STRANG 2000);424,0;105,0;56,0;35,3333;17,5;18,6667;35,3333
804431;TAMPA DO MOTOR INDUSTRIAL;424,0;105,0;56,0;35,3333;17,5;18,6667;35,3333
804482;SUPORTE FIM DE CURSO DESLIZANTE (LADO ESQUERDO);424,0;105,0;56,0;35,3333;17,5;18,6667;35,3333
813372;SEM FIM DO STRONG 2000;424,0;105,0;56,0;35,3333;17,5;18,6667;35,3333
401044;PARAFUSO A/A PAN PHS 2.9 X 9.5;424,0;105,0;56,0;35,3333;17,5;18,6667;35,3333
813243;ENGRENAGEM EXTERNA MOTOR INDUSTRIAL;424,0;105,0;56,0;35,3333;17,5;18,6667;35,3333
813506;ENGRENAGEM INTERNA 1 ENTRADA PARA MOTOR INDUSTRIAL DE NYLON;424,0;105,0;56,0;35,3333;17,5;18,6667;35,3333
804483;SUPORTE FIM DE CURSO DESLIZANTE (LADO DIREITO);424,0;105,0;56,0;35,3333;17,5;18,6667;35,3333
701159;PINO DESTRAVAMENTO MOTOR DZ INDUSTRIAL - BRUTO;424,0;105,0;56,0;35,3333;17,5;18,6667;35,3333
701156;EIXO DO MOTOR INDUSTRIAL - BRUTO;424,0;105,0;56,0;35,3333;17,5;18,6667;35,3333
813328;CHAVETA DO MOTOR INDUSTRIAL;424,0;105,0;56,0;35,3333;17,5;18,6667;35,3333
403050;MOLA DE DESTRAVAMENTO MOTOR INDUSTRIAL FIO 2,40MM X 80,00MM;424,0;105,0;56,0;35,3333;17,5;18,6667;35,3333
813245;ALAVANCA DESTRAVAMENTO DZ INDUSTRIAL;424,0;105,0;56,0;35,3333;17,5;18,6667;35,3333
512014;CONJUNTO ESTATOR E ROTOR AGL DESL P28 2P 220V 60HZ;409,0;15,0;15,0;34,0833;2,5;5,0;34,0833
811107;MANUAL LINHA BASCULANTE / NEW BV SEM LOGO ESPANHOL (CENTRAL FLEX / LIGHT);370,0;140,0;100,0;30,8333;23,3333;33,3333;33,3333
811746;CAIXA MOTOR KRIPT 24,0 X 19,5 X 24,5;266,0;189,0;96,0;22,1667;31,5;32,0;32,0
813483;ACIONADOR DA MICRO CHAVE BV CADENA;374,0;12,0;8,0;31,1667;2,0;2,6667;31,1667
105068;BOBINA LAMINADA 2,00MM PRETA 23 (EVA PARA MOTORES);358,975;159,675;81,45;29,9146;26,6125;27,15;29,9146
603519;ACESSORIOS PARA AUTOMATIZADOR BRUSHLESS DC MOTOR - MOLA DE CONTRA-PESO PARA CANCELA 2.5;358,0;135,0;73,0;29,8333;22,5;24,3333;29,8333
401226;ELO DE EMENDA CORRENTE BV CADENA;356,0;7,0;7,0;29,6667;1,1667;2,3333;29,6667
916127;AUTOMATIZADOR PARA CANCELA - BRUSHLESS DC MOTOR - MODELO: 18B-2.5S;350,0;131,0;70,0;29,1667;21,8333;23,3333;29,1667
813592;SENSOR DE FIM DE CURSO REED BV/NEW BV 3,5M;333,0;164,0;62,0;27,75;27,3333;20,6667;27,75
813560;PERFIL AL 3,5M SOL 7 STLF-0864 6063;333,0;164,0;62,0;27,75;27,3333;20,6667;27,75
103149;CABO CONECTOR TERMINAL WHITE WIRE BLK-4P 4300/650 BOX (BLK-4P 4300/650);162,0;162,0;0,0;13,5;27,0;0,0;27,0
813275;FUSO P 7.5MM DE 1,4M E 4 ENTRADAS BV;310,0;0,0;0,0;25,8333;0,0;0,0;25,8333
813022;SUPORTE PARA SENSOR REED DUPLO NEW;300,0;0,0;0,0;25,0;0,0;0,0;25,0
813355;GUIA ESTICADOR ZINCADO - BARREIRA ARTICULADA CANCELA;189,0;133,0;74,0;15,75;22,1667;24,6667;24,6667
813356;GUIA CABO ZINCADO - BARREIRA ARTICULADA CANCELA;189,0;133,0;74,0;15,75;22,1667;24,6667;24,6667
813155;FUSO P 7.5MM DE 3,5M E 6 ENTRADAS;289,0;145,0;53,0;24,0833;24,1667;17,6667;24,1667
801232;TAMPA ARTICULAÇÃO SECUNDÁRIA ZINCADA - BARREIRA ARTICULADA CANCELA;181,0;125,0;72,0;15,0833;20,8333;24,0;24,0
801233;TUBO Ø20,5MM ZINCADO - BARREIRA ARTICULADA CANCELA;181,0;125,0;72,0;15,0833;20,8333;24,0;24,0
801225;ARTICULAÇÃO DO TUBO ZINCADO - BARREIRA ARTICULADA CANCELA;181,0;125,0;72,0;15,0833;20,8333;24,0;24,0
801228;BUCHA ESTICADOR ZINCADA - BARREIRA ARTICULADA CANCELA;181,0;125,0;72,0;15,0833;20,8333;24,0;24,0
801226;ARTICULAÇÃO SECUNDÁRIA ZINCADA - BARREIRA ARTICULADA CANCELA;181,0;125,0;72,0;15,0833;20,8333;24,0;24,0
801231;CHAPA REFORÇO ZINCADA - BARREIRA ARTICULADA CANCELA;181,0;125,0;72,0;15,0833;20,8333;24,0;24,0
801227;ARTICULAÇÃO PRIMÁRIA ZINCADA - BARREIRA ARTICULADA CANCELA;181,0;125,0;72,0;15,0833;20,8333;24,0;24,0
801230;TUBO ROTATIVO LISO Ø12MM ZINCADO - BARREIRA ARTICULADA CANCELA;181,0;125,0;72,0;15,0833;20,8333;24,0;24,0
801247;TUBO ROTATIVO RASGO Ø12MM ZINCADO - BARREIRA ARTICULADA CANCELA;181,0;125,0;72,0;15,0833;20,8333;24,0;24,0
401255;PARAFUSO AÇO MET CIL SX INT M8X25MM RI;179,0;125,0;72,0;14,9167;20,8333;24,0;24,0
401267;PARAFUSO AÇO MET S/CAB SX INT PTA CONCOVA M10X40MM;179,0;125,0;72,0;14,9167;20,8333;24,0;24,0
801315;TUBO ROTATIVO LISO Ø12X8,5X35;179,0;125,0;72,0;14,9167;20,8333;24,0;24,0
813152;BASE DA CENTRAL DESLIZANTE INVERTER;276,0;100,0;49,0;23,0;16,6667;16,3333;23,0
804426;TAMPA DA CENTRAL DESLIZANTE INVERTER;276,0;100,0;49,0;23,0;16,6667;16,3333;23,0
103547;CABO PP 3 X 0,50MM AM/PT/VM;152,0;119,0;69,0;12,6667;19,8333;23,0;23,0
811106;MANUAL DE INSTALAÇÃO LINHA DESLIZANTE TURBO SEM LOGO PORTUGUÊS (CENTRAL NEW INVERTER);275,0;100,0;49,0;22,9167;16,6667;16,3333;22,9167
103160;CABO CONECTOR TERMINAL WHITE WIRE BLK-4P 6300/650 BOX (BLK-4P 6300/650);121,0;121,0;0,0;10,0833;20,1667;0,0;20,1667
811320;RL PELICULA ADESIVA REFLETIVA GRAU COMERCIAL VERMELHO (62CMX20M);165,9433;94,0962;58,4143;13,8286;15,6827;19,4714;19,4714
512023;CONJUNTO ESTATOR E ROTOR AGL DESL P80 STRONG 3/4 220V 60HZ;215,0;63,0;27,0;17,9167;10,5;9,0;17,9167
911083;PLACA REVISADA CENTRAL CCMD INDUSTRIAL;213,0;84,0;48,0;17,75;14,0;16,0;17,75
911084;PLACA REVISADA CENTRAL IZZY INDUSTRIAL;211,0;21,0;8,0;17,5833;3,5;2,6667;17,5833
813570;PERFIL AL 5,0M STL 1851 CANCELAS;185,0;99,0;28,0;15,4167;16,5;9,3333;16,5
813146;GOMO 25CM P/ CREMALHEIRA ALUMÍNIO;192,0;60,0;24,0;16,0;10,0;8,0;16,0
813611;PERFIL AL 4,0M SOL 7 STLF-0846 6063 T5;139,0;87,0;47,0;11,5833;14,5;15,6667;15,6667
813593;SENSOR DE FIM DE CURSO REED BV/NEW BV 4,0M;139,0;87,0;47,0;11,5833;14,5;15,6667;15,6667
512028;CONJUNTO ESTATOR E ROTOR AGL DESL  P24 1/4 CV 4P 3F 110V 60HZ;172,0;78,0;47,0;14,3333;13,0;15,6667;15,6667
105069;FITA EMPACT. 50MT X 48MM ACRI;112,1884;83,7312;45,91;9,349;13,9552;15,3033;15,3033
412121;ESTATOR BOBINADO AGL NEW BV P17 1/7 cv 04 42Z 127V 60HZ;183,0;33,0;33,0;15,25;5,5;11,0;15,25
813590;SENSOR DE FIM DE CURSO REED BV/NEW BV 2,5M;182,0;72,0;42,0;15,1667;12,0;14,0;15,1667
813558;PERFIL AL 2,5M SOL 7 STLF-0864 6063;182,0;72,0;42,0;15,1667;12,0;14,0;15,1667
512017;CONJUNTO ESTATOR E ROTOR AGL DESL P22 2P 220V 60HZ;179,0;42,0;24,0;14,9167;7,0;8,0;14,9167
811853;EMBALAGEM PARA ACIONAMENTO BV CADENA 1,5M COM IMPRESSÃO;170,6667;3,3333;3,3333;14,2222;0,5556;1,1111;14,2222
813616;PERFIL AL 3,5M STL 1851 CANCELAS;105,0;41,0;40,0;8,75;6,8333;13,3333;13,3333
813476;TAMPA DO PERFIL BV CADENA;156,0;3,0;3,0;13,0;0,5;1,0;13,0
813475;MANCAL TENSIONADOR BV CADENA - ZINCADO;156,0;3,0;3,0;13,0;0,5;1,0;13,0
701232;EIXO DA ROLDANA BV CADENA - BRUTO;156,0;3,0;3,0;13,0;0,5;1,0;13,0
813473;ROLDANA DE NYLON DO BV CADENA - PEÇA MACHO;156,0;3,0;3,0;13,0;0,5;1,0;13,0
813478;PORCA ACIONADORA BV CADENA - PEÇA TRASEIRA;156,0;3,0;3,0;13,0;0,5;1,0;13,0
813480;PORCA ACIONADORA BV CADENA - PEÇA FRONTAL;156,0;3,0;3,0;13,0;0,5;1,0;13,0
811809;CALÇO VINCADO BRAÇO MOTOR;156,0;3,0;3,0;13,0;0,5;1,0;13,0
813472;ROLDANA DE NYLON DO BV CADENA - PEÇA FÊMEA;156,0;3,0;3,0;13,0;0,5;1,0;13,0
813479;CHAPA DE TRAÇÃO DA CORRENTE BV CADENA - ZINCADA;156,0;3,0;3,0;13,0;0,5;1,0;13,0
813286;PINO DAS TRAVAS SUPORTE FX. BV/NEW BV/HZ;74,0;74,0;0,0;6,1667;12,3333;0,0;12,3333
811824;MANUAL LINHA STRONG 2000 SEM LOGO EM PORTUGUÊS (CENTRAL CCMD INDUSTRIAL);143,0;59,0;23,0;11,9167;9,8333;7,6667;11,9167
813192;FUSO P 7.5MM DE 4,0M E 6 ENTRADAS;105,0;71,0;35,0;8,75;11,8333;11,6667;11,8333
813141;FUSO P 7.5MM DE 2,5M E 6 ENTRADAS;68,0;45,0;32,0;5,6667;7,5;10,6667;10,6667
512007;CONJUNTO ESTATOR E ROTOR AGL DESL P33 1/4 cv 04 42Z 127V 60Hz;97,0;60,0;32,0;8,0833;10,0;10,6667;10,6667
412024;ESTATOR BOBINADO AGL NEW BV P39 04 42Z 127V 60HZ;38,0;32,0;30,0;3,1667;5,3333;10,0;10,0
813482;PERFIL ENRIJECIDO 75X40X2 PARA BV CADENA 1,5M;112,0;2,0;2,0;9,3333;0,3333;0,6667;9,3333
813563;PERFIL AL 1,75M SOL 7 STLF-0864 6063;108,0;49,0;23,0;9,0;8,1667;7,6667;9,0
512024;CONJUNTO ESTATOR E ROTOR AGL DESL P80 STRONG 3/4 127V 60HZ;101,0;1,0;0,0;8,4167;0,1667;0,0;8,4167
512029;CONJUNTO ESTATOR E ROTOR AGL DESL P45 STRONG 1/2 CV 04 42Z 220V 50/60HZ;25,0;25,0;25,0;2,0833;4,1667;8,3333;8,3333
813044;FUSO P 7.5MM DE 2,0M E 4 ENTRADAS BV;100,0;26,0;4,0;8,3333;4,3333;1,3333;8,3333
103141;CABO CONECTOR TERMINAL WHITE WIRE BLK-PH-4P L350 WITH L15 RED/BLACK BOX (BLK-PH-4P L315 WITH L15);100,0;50,0;0,0;8,3333;8,3333;0,0;8,3333
811803;CAIXA MASTER 3 - CAIXA PIVÔ VIOLÃO 1,5 METROS COM IMPRESSÃO;94,0;0,0;0,0;7,8333;0,0;0,0;7,8333
103151;CABO CONECTOR TERMINAL WHITE WIRE BLK-4P 5300/650 BOX (BLK-4P 5300/650);44,0;44,0;0,0;3,6667;7,3333;0,0;7,3333
813216;FUSO P 7.5MM DE 1,75M E 5 ENTRADAS;56,0;24,0;20,0;4,6667;4,0;6,6667;6,6667
412063;ESTATOR BOBINADO AGL NEW BV P17 1/7 cv 04 42Z 220V 50HZ;80,0;0,0;0,0;6,6667;0,0;0,0;6,6667
813600;SENSOR DE FIM DE CURSO REED BV/NEW BV/PIVO 1,0M;76,0;16,0;10,0;6,3333;2,6667;3,3333;6,3333
813283;CANTONEIRA SUPORTE FIX. BV E NEW BV;37,0;37,0;0,0;3,0833;6,1667;0,0;6,1667
813284;TRAVA MENOR SUPORTE FX. BV E NEW BV;37,0;37,0;0,0;3,0833;6,1667;0,0;6,1667
813285;TRAVA MAIOR SUPORTE FX. BV E NEW BV;37,0;37,0;0,0;3,0833;6,1667;0,0;6,1667
512022;CONJUNTO ESTATOR E ROTOR AGL DESL P39 4P 3F 110V 60HZ;69,0;22,0;2,0;5,75;3,6667;0,6667;5,75
412151;ESTATOR BOBINADO AGL NEW BV P39 04 42Z 220V 60HZ;52,0;26,0;17,0;4,3333;4,3333;5,6667;5,6667
103152;CABO CONECTOR TERMINAL WHITE WIRE BLK-4P 5800/650 BOX (BLK-4P 5800/650);27,0;21,0;17,0;2,25;3,5;5,6667;5,6667
813368;FUSO P.60 Ø 1/2'' DE 3,0M;55,0;19,0;17,0;4,5833;3,1667;5,6667;5,6667
103150;CABO CONECTOR TERMINAL WHITE WIRE BLK-4P 4800/650 BOX (BLK-4P 4800/650);21,0;21,0;17,0;1,75;3,5;5,6667;5,6667
512019;CONJUNTO ESTATOR E ROTOR AGL DESL P24 2P 127V 60HZ;16,0;16,0;16,0;1,3333;2,6667;5,3333;5,3333
403055;MOLA DO FREIO NEW BV HEAVY SPEED;31,0;25,0;16,0;2,5833;4,1667;5,3333;5,3333
813359;FUSO P.60 Ø 5/8'' DE 2,0M;43,0;25,0;16,0;3,5833;4,1667;5,3333;5,3333
811308;ETIQUETA ADES. COUCHE 25MM X 10MM X 03 CAR;16,0;16,0;16,0;1,3333;2,6667;5,3333;5,3333
101310;CAPACITOR FIXO C/DIELETRICO DE POLIPROPILENO BIORIENTADO P/MOTORES CMRW CANECA PLASTICA 40uf 250V 50;32,0;32,0;16,0;2,6667;5,3333;5,3333;5,3333
813594;SENSOR DE FIM DE CURSO REED BV/NEW BV 4,5M;63,0;28,0;5,0;5,25;4,6667;1,6667;5,25
813605;PERFIL AL 4,5M SOL 7 STLF-0846 6063 T5;63,0;28,0;5,0;5,25;4,6667;1,6667;5,25
813194;FUSO P 7.5MM DE 4,5M E 6 ENTRADAS;61,0;28,0;5,0;5,0833;4,6667;1,6667;5,0833
811880;EMBALAGEM PLÁSTICA PEÇAS REPOSIÇÃO COM LOGO (100MMX150MM);60,0;0,0;0,0;5,0;0,0;0,0;5,0
512021;CONJUNTO ESTATOR E ROTOR AGL DESL P39 2P 220V 60HZ;60,0;30,0;0,0;5,0;5,0;0,0;5,0
512027;CONJUNTO ESTATOR E ROTOR AGL DESL P45 STRONG 1/2 cv 04 42Z 127V 60Hz;60,0;0,0;0,0;5,0;0,0;0,0;5,0
512018;CONJUNTO ESTATOR E ROTOR AGL DESL P24 2P 220V 60HZ;29,0;23,0;15,0;2,4167;3,8333;5,0;5,0
401187;BARRA ROSCADA FERRO MET M14 X 1000MM ZI;36,2;25,0;14,4;3,0167;4,1667;4,8;4,8
813186;FUSO P 7.5MM DE 2,0M E 5 ENTRADAS;57,0;27,0;8,0;4,75;4,5;2,6667;4,75
813607;PERFIL AL 5,5M SOL 7 STLF-0846 6063 T5;23,0;18,0;14,0;1,9167;3,0;4,6667;4,6667
813596;SENSOR DE FIM DE CURSO REED BV/NEW BV 5,5M;23,0;18,0;14,0;1,9167;3,0;4,6667;4,6667
813195;FUSO P 7.5MM DE 5,5M E 6 ENTRADAS;29,0;18,0;14,0;2,4167;3,0;4,6667;4,6667
813370;FUSO P.60 Ø 1/2'' DE 4,0M;26,0;16,0;12,0;2,1667;2,6667;4,0;4,0
412378;ESTATOR BOBINADO AGL NEW BV/BV SPEEDTURBO PRO P17 4P 3F 110V 60HZ;47,0;11,0;2,0;3,9167;1,8333;0,6667;3,9167
813606;PERFIL AL 5,0M SOL 7 STLF-0846 6063 T5;40,0;23,0;11,0;3,3333;3,8333;3,6667;3,8333
813045;FUSO P 7.5MM DE 2,0M E 6 ENTRADAS;23,0;23,0;10,0;1,9167;3,8333;3,3333;3,8333
813595;SENSOR DE FIM DE CURSO REED BV/NEW BV 5,0M;40,0;23,0;11,0;3,3333;3,8333;3,6667;3,8333
811802;CAIXA MASTER 12 - CAIXA DA CENTRAL PIVÔ;45,0;10,0;0,0;3,75;1,6667;0,0;3,75
813210;FUSO P 7.5MM DE 5M E 6 ENTRADAS;39,0;22,0;11,0;3,25;3,6667;3,6667;3,6667
813196;FUSO P 7.5MM DE 6,0M E 6 ENTRADAS;29,0;14,0;10,0;2,4167;2,3333;3,3333;3,3333
813613;PERFIL AL 6,0M SOL 7 STLF-0846 6063 T5;29,0;14,0;10,0;2,4167;2,3333;3,3333;3,3333
813367;FUSO P.60 Ø 1/2'' DE 2,5M;40,0;14,0;6,0;3,3333;2,3333;2,0;3,3333
813597;SENSOR DE FIM DE CURSO REED BV/NEW BV 6,0M;29,0;14,0;10,0;2,4167;2,3333;3,3333;3,3333
202074;AÇO RED LAMINADO Ø 9/16 6M 1015/1022;39,584;0,0;0,0;3,2987;0,0;0,0;3,2987
813212;FUSO P 7.5MM DE 1,75M E 4 ENTRADAS BV;39,0;12,0;0,0;3,25;2,0;0,0;3,25
813361;FUSO P.60 Ø 5/8'' DE 3,0M;27,0;19,0;5,0;2,25;3,1667;1,6667;3,1667
813188;FUSO P 7.5MM DE 2,5M E 5 ENTRADAS;37,0;2,0;0,0;3,0833;0,3333;0,0;3,0833
512015;CONJUNTO ESTATOR E ROTOR AGL DESL P17 1-7 cv 04 42Z 3F 127V 60HZ;35,0;0,0;0,0;2,9167;0,0;0,0;2,9167
813484;PERFIL ENRIJECIDO 75X40X2 PARA BV CADENA 2,0M;32,0;1,0;1,0;2,6667;0,1667;0,3333;2,6667
203004;LINGOTE DE ALUMINIO LIGA 306;21,195;14,378;0,0;1,7662;2,3963;0,0;2,3963
512029;CONJUNTO ESTATOR E ROTOR AGL DESL P45 STRONG 1/2 cv 04 42Z 220V 50/60Hz;16,0;14,0;4,0;1,3333;2,3333;1,3333;2,3333
813158;FUSO P 7.5MM DE 2,5M E 4 ENTRADAS BV;26,0;8,0;3,0;2,1667;1,3333;1,0;2,1667
401184;PORCA F MET SEXTAVADA M8 (CH13) ZI (NSC);26,0;8,0;2,0;2,1667;1,3333;0,6667;2,1667
811097;MANUAL DE INSTALAÇÃO LINHA DESLIZANTE SEM LOGO PORTUGUÊS (CENTRAL FLEX / LIGHT / CCMD);21,0;11,0;6,0;1,75;1,8333;2,0;2,0
801266;CHAPA EM U DO SUPORTE DA BARREIRA (MODELO FIX. MACHO E FÊMEA) - BRANCA;19,0;6,0;6,0;1,5833;1,0;2,0;2,0
201073;CZN 1,95 x 1200 N7008 ZC Z100 CT;5,9793;5,6493;5,6493;0,4983;0,9416;1,8831;1,8831
813365;FUSO P.60 Ø 1/2'' DE 1,75M;11,0;11,0;1,0;0,9167;1,8333;0,3333;1,8333
701175;BUCHA ESTICADOR BRUTO - BARREIRA ARTICULADA CANCELA;11,0;11,0;0,0;0,9167;1,8333;0,0;1,8333
813159;FUSO P 7.5MM DE 3,0M E 4 ENTRADAS BV;22,0;8,0;3,0;1,8333;1,3333;1,0;1,8333
201066;ROLO ZINCADO 1,25X50 NBR-7008-ZC;20,192;6,31;2,524;1,6827;1,0517;0,8413;1,6827
811042;MANUAL DE INSTALAÇÃO LINHA NEW BV TURBO SEM LOGO ESPANHOL (CENTRAL NEW INVERTER);20,0;0,0;0,0;1,6667;0,0;0,0;1,6667
813362;FUSO P.60 Ø 5/8'' DE 3,5M;16,0;10,0;2,0;1,3333;1,6667;0,6667;1,6667
813161;FUSO P 7.5MM DE 3,5M E 4 ENTRADAS BV;12,0;7,0;5,0;1,0;1,1667;1,6667;1,6667
813041;EIXO DE TRAÇÃO DO BASCULANTE (MODELO ANTIGO);20,0;0,0;0,0;1,6667;0,0;0,0;1,6667
512016;CONJUNTO ESTATOR E ROTOR AGL DESL P22 2P 127V 60HZ;10,0;10,0;0,0;0,8333;1,6667;0,0;1,6667
105070;FITA GOMADA APK 80 C/REFORCO IMP;17,182;9,009;2,964;1,4318;1,5015;0,988;1,5015
105071;FITA GOMADA 80 MM COM REFORÇO;12,285;5,46;4,173;1,0238;0,91;1,391;1,391
813357;FUSO P.60 Ø 5/8'' DE 1,4M;16,0;0,0;0,0;1,3333;0,0;0,0;1,3333
801271;BASE SUPERIOR DE FIXAÇÃO DA CENTRAL NO GABINETE - BRANCA;14,0;2,0;2,0;1,1667;0,3333;0,6667;1,1667
801273;SUPORTE DAS BATERIAS CANCELA AGUSTA - BRANCA;14,0;2,0;2,0;1,1667;0,3333;0,6667;1,1667
801236;PORTA DO GABINETE CANCELA - BRANCA;14,0;2,0;2,0;1,1667;0,3333;0,6667;1,1667
801244;SUPORTE DAS FONTES CANCELA AGUSTA - BRANCA;14,0;2,0;2,0;1,1667;0,3333;0,6667;1,1667
701182;TUBO Ø20,5MM BRUTO - BARREIRA ARTICULADA CANCELA;7,0;7,0;0,0;0,5833;1,1667;0,0;1,1667
801220;GABINETE DA CANCELA - BRANCA;14,0;2,0;2,0;1,1667;0,3333;0,6667;1,1667
813369;FUSO P.60 Ø 1/2'' DE 3,5M;13,0;2,0;2,0;1,0833;0,3333;0,6667;1,0833
813615;PERFIL AL 5,0M SOL 7 STLF-0846 6063 T15;7,0;3,0;3,0;0,5833;0,5;1,0;1,0
813494;PERFIL ENRIJECIDO 75X40X2 PARA BV CADENA 3,0M;12,0;0,0;0,0;1,0;0,0;0,0;1,0
401136;PARAFUSO PAN CRUZ 3,5MMX14MM (FABR. AGL) - ZINCADO;12,0;0,0;0,0;1,0;0,0;0,0;1,0
512013;CONJUNTO ESTATOR E ROTOR AGL DESL P28 2P 127V 60HZ;6,0;6,0;0,0;0,5;1,0;0,0;1,0
813598;SENSOR DE FIM DE CURSO REED BV/NEW BV/PIVO 0,50M;11,0;3,0;1,0;0,9167;0,5;0,3333;0,9167
813360;FUSO P.60 Ø 5/8'' DE 2,5M;11,0;3,0;1,0;0,9167;0,5;0,3333;0,9167
813204;FUSO P 7.5MM DE 3,0M E 5 ENTRADAS;10,0;0,0;0,0;0,8333;0,0;0,0;0,8333
311001;CELERON MMG 1,6MM 1000 X 1000MM;8,2305;0,0;0,0;0,6859;0,0;0,0;0,6859
813358;FUSO P.60 Ø 5/8'' DE 1,75M;2,0;2,0;2,0;0,1667;0,3333;0,6667;0,6667
401249;PORCA SEXTAVADA 5/16-18 X 1 UNC FE.ZB;8,0;0,0;0,0;0,6667;0,0;0,0;0,6667
401235;PARAF ALLEN C/CAB 912 M6 X 35 ZB;8,0;0,0;0,0;0,6667;0,0;0,0;0,6667
201109;PERFIL AL STL 1851 CANCELAS;7,457;0,9727;0,9727;0,6214;0,1621;0,3242;0,6214
202036;AÇO RED TREF SAE 1020 20.00 SAE J403;6,17;1,04;0,0;0,5142;0,1733;0,0;0,5142
401039;P. FRANCES C/ POR. 5/16-18 X 1 UNC FE.ZB;6,0;0,0;0,0;0,5;0,0;0,0;0,5
512025;CONJUNTO ESTATOR E ROTOR AGL DESL P60 STRONG 1/3cv 04 42Z 220V 60HZ;5,0;2,0;0,0;0,4167;0,3333;0,0;0,4167
813242;FUSO P.60 Ø 5/8 DE 4,0M;5,0;0,0;0,0;0,4167;0,0;0,0;0,4167
911161;PLACA REVISADA CENTRAL DUPLA IZZY;1,0;1,0;1,0;0,0833;0,1667;0,3333;0,3333
402040;MANCAL OVAL UCFL205-16 ROL UC205-16 PARA EIXO 25,4;4,0;0,0;0,0;0,3333;0,0;0,0;0,3333
811727;SACO PLASTICO TRANSPARENTE 04CM X 04CM;1,0;1,0;1,0;0,0833;0,1667;0,3333;0,3333
100186;REED SWITCH 0.5A 140VAC 200VDC 10VA 0.55MS BOX (FLEX-14-10-15);4,0;0,0;0,0;0,3333;0,0;0,0;0,3333
813191;FUSO P 7.5MM DE 3,5M E 5 ENTRADAS;3,0;0,0;0,0;0,25;0,0;0,0;0,25
813571;PERFIL AL 5,5M STL 1851 CANCELAS;3,0;1,0;0,0;0,25;0,1667;0,0;0,25
813160;FUSO P 7.5MM DE 4,0M E 4 ENTRADAS BV;3,0;0,0;0,0;0,25;0,0;0,0;0,25
201115;CZN 1,55 x 1200 x 3000 N7008 ZC Z100 CT;2,864;0,0;0,0;0,2387;0,0;0,0;0,2387
402039;"ESTICADOR OLHAL COM GANCHO 8MM 5/16"" GALVANIZADO";2,0;0,0;0,0;0,1667;0,0;0,0;0,1667
103132;CONECTOR TERMINAR WHITE WIRE BLK-PH-3P L1000 BOX (BLK-PH-3P L1000);2,0;0,0;0,0;0,1667;0,0;0,0;0,1667
813467;SUPORTE ORELHA C/ FURO FECHADO CANCELA LIGHT/SOLAR;2,0;0,0;0,0;0,1667;0,0;0,0;0,1667
512026;CONJUNTO ESTATOR E ROTOR AGL DESL P60 STRONG 1/3cv 04 42Z 127V 60HZ;2,0;0,0;0,0;0,1667;0,0;0,0;0,1667
813389;FLANGE DE TRAÇÃO DO EIXO CANCELA AGUSTA LIGHT - ZINCADA;2,0;0,0;0,0;0,1667;0,0;0,0;0,1667
603029;MOTOR AVULSO DE AUTOMATIZADOR PARA PORTAS DE ENROLAR - AC800;1,0;1,0;0,0;0,0833;0,1667;0,0;0,1667
813387;ALAVANCA DE TRAÇÃO CANCELA AGUSTA LIGHT - ZINCADA;2,0;0,0;0,0;0,1667;0,0;0,0;0,1667
813385;BATENTE MECÂNICO DO GABINETE CANCELA AGUSTA LIGHT- ZINCADO;2,0;0,0;0,0;0,1667;0,0;0,0;0,1667
813514;OLHAL DE ENGATE DO ESTICADOR DA MOLA - ZINCADO - CANCELA LIGHT;2,0;0,0;0,0;0,1667;0,0;0,0;0,1667
813363;FUSO P.60 Ø 5/8'' DE 5,0M;1,0;1,0;0,0;0,0833;0,1667;0,0;0,1667
801251;GABINETE DA CANCELA AGUSTA LIGHT- CINZA;2,0;0,0;0,0;0,1667;0,0;0,0;0,1667
401140;P ACO 12,9 MET CIL SX INT M8X30MM OX;2,0;0,0;0,0;0,1667;0,0;0,0;0,1667
911071;PLACA ACIONADORA REVISADA;2,0;0,0;0,0;0,1667;0,0;0,0;0,1667
804107;BASE DO MODULO DA TRAVA;2,0;0,0;0,0;0,1667;0,0;0,0;0,1667
401220;PA ALLEN C/C 912 M10 X 50;2,0;0,0;0,0;0,1667;0,0;0,0;0,1667
412381;ESTATOR BOBINADO AGL NEW BV P39 04 42Z 220V 60HZ (CANCELA LIGHT);2,0;0,0;0,0;0,1667;0,0;0,0;0,1667
813167;FUSO P 7.5MM DE 0,50M E 4 ENTRADAS BV;2,0;0,0;0,0;0,1667;0,0;0,0;0,1667
811081;MANUAL CANCELA AGUSTA LIGHT SPEED;2,0;0,0;0,0;0,1667;0,0;0,0;0,1667
813381;FUSO P.60 Ø 5/8 DE 4,5M;1,0;0,0;0,0;0,0833;0,0;0,0;0,0833
811039;MANUAL DE INSTALAÇÃO LINHA DESLIZANTE TURBO SEM LOGO ESPANHOL (CENTRAL NEW INVERTER);1,0;0,0;0,0;0,0833;0,0;0,0;0,0833
813162;FUSO P 7.5MM DE 4,5M E 4 ENTRADAS BV;1,0;0,0;0,0;0,0833;0,0;0,0;0,0833
