Solicitação,data inicio,data fim,item,quantidade,unidade
4058,2025-01-02 13:58:05,2025-01-15 15:39:10,510027,2,UN
4069,2025-01-03 14:33:17,2025-01-27 14:17:37,401225,350,UN
4069,2025-01-03 14:33:17,2025-01-27 14:17:37,401226,500,UN
4069,2025-01-03 14:33:17,2025-01-27 14:17:37,401230,200,UN
4069,2025-01-03 14:33:17,2025-01-27 14:17:37,401077,1000,UN
4069,2025-01-03 14:33:17,2025-01-27 14:17:37,401190,500,UN
4069,2025-01-03 14:33:17,2025-01-27 14:17:37,401173,5000,UN
4072,2025-01-03 15:37:25,2025-02-13 16:21:19,811809,1500,UN
4072,2025-01-03 15:37:25,2025-02-13 16:21:19,811756,2000,UN
4072,2025-01-03 15:37:25,2025-02-13 16:21:19,811763,500,UN
4072,2025-01-03 15:37:25,2025-02-13 16:21:19,811801,2000,UN
4072,2025-01-03 15:37:25,2025-02-13 16:21:19,811801,2000,UN
4072,2025-01-03 15:37:25,2025-02-13 16:21:19,811801,1725,UN
4072,2025-01-03 15:37:25,2025-02-13 16:21:19,811756,1867,UN
4073,2025-01-03 15:46:14,2025-01-24 14:07:14,916117,200,UN
4073,2025-01-03 15:46:14,2025-01-24 14:07:14,102559,150,UN
4074,2025-01-03 15:52:43,2025-01-27 13:01:22,402012,20000,UN
4074,2025-01-03 15:52:43,2025-01-27 13:01:22,402019,10000,UN
4075,2025-01-03 15:54:40,2025-02-13 12:30:29,403043,5000,UN
4075,2025-01-03 15:54:40,2025-02-13 12:30:29,403032,10000,UN
4075,2025-01-03 15:54:40,2025-02-13 12:30:29,403047,3500,UN
4075,2025-01-03 15:54:40,2025-02-13 12:30:29,403050,200,UN
4075,2025-01-03 15:54:40,2025-02-13 12:30:29,403047,3565,UN
4076,2025-01-03 16:13:57,2025-01-15 16:14:25,402017,10500,UN
4083,2025-01-06 11:18:49,2025-02-07 10:32:05,202033,10000,KG
4083,2025-01-06 11:18:49,2025-02-07 10:32:05,202045,5000,KG
4096,2025-01-07 09:52:37,2025-01-24 10:27:17,40735,-,-
4131,2025-01-10 15:28:43,2025-01-22 08:34:14,401207,40000,-
4131,2025-01-10 15:28:43,2025-01-22 08:34:14,401169,30000,-
4140,2025-01-15 14:01:51,2025-02-11 13:34:57,811104,-,-
4145,2025-01-16 12:13:36,2025-02-07 10:32:49,202087,-,-
4145,2025-01-16 12:13:36,2025-02-07 10:32:49,202088,-,-
4171,2025-01-21 15:09:13,2025-02-14 15:16:34,401014,25000,UN
4188,2025-01-27 09:43:26,2025-02-20 15:50:41,916168,2000,M
4192,2025-01-27 14:08:17,2025-02-11 08:07:33,411017,60000,UN
4193,2025-01-27 14:08:45,2025-02-26 14:45:59,411017,60000,UN
4193,2025-01-27 14:08:45,2025-02-26 14:45:59,15611,-,-
4193,2025-01-27 14:08:45,2025-02-26 14:45:59,15611,-,-
4193,2025-01-27 14:08:45,2025-02-26 14:45:59,411017,-,-
4193,2025-01-27 14:08:45,2025-02-26 14:45:59,411017,-,-
4193,2025-01-27 14:08:45,2025-02-26 14:45:59,411017,-,-
4194,2025-01-27 14:09:13,2025-08-19 14:56:58,411017,60000,UN
4195,2025-01-27 14:09:37,2025-10-21 10:57:00,411017,60000,UN
4212,2025-01-29 16:21:57,2025-02-04 11:23:36,402012,60000,UN
4213,2025-01-29 16:25:39,2025-03-07 13:53:07,403032,20000,UN
4213,2025-01-29 16:25:39,2025-03-07 13:53:07,403043,-,-
4213,2025-01-29 16:25:39,2025-03-07 13:53:07,403043,11500,UN
4213,2025-01-29 16:25:39,2025-03-07 13:53:07,403043,3825,UN
4214,2025-01-29 17:24:25,2025-03-24 15:59:49,401233,1200,UN
4214,2025-01-29 17:24:25,2025-03-24 15:59:49,401227,2000,UN
4214,2025-01-29 17:24:25,2025-03-24 15:59:49,401230,500,UN
4214,2025-01-29 17:24:25,2025-03-24 15:59:49,402028,60000,UN
4214,2025-01-29 17:24:25,2025-03-24 15:59:49,401007,100000,UN
4214,2025-01-29 17:24:25,2025-03-24 15:59:49,401025,20000,UN
4214,2025-01-29 17:24:25,2025-03-24 15:59:49,401024,20000,UN
4214,2025-01-29 17:24:25,2025-03-24 15:59:49,401002,2000,UN
4214,2025-01-29 17:24:25,2025-03-24 15:59:49,401157,45000,UN
4214,2025-01-29 17:24:25,2025-03-24 15:59:49,401161,25000,UN
4214,2025-01-29 17:24:25,2025-03-24 15:59:49,401255,100,UN
4214,2025-01-29 17:24:25,2025-03-24 15:59:49,401002,2000,UN
4214,2025-01-29 17:24:25,2025-03-24 15:59:49,401233,1200,UN
4214,2025-01-29 17:24:25,2025-03-24 15:59:49,402028,60000,UN
4214,2025-01-29 17:24:25,2025-03-24 15:59:49,401007,102000,UN
4214,2025-01-29 17:24:25,2025-03-24 15:59:49,401025,20000,UN
4214,2025-01-29 17:24:25,2025-03-24 15:59:49,401024,21000,UN
4214,2025-01-29 17:24:25,2025-03-24 15:59:49,401157,45000,UN
4214,2025-01-29 17:24:25,2025-03-24 15:59:49,401161,-,-
4214,2025-01-29 17:24:25,2025-03-24 15:59:49,401233,1200,UN
4214,2025-01-29 17:24:25,2025-03-24 15:59:49,401255,100,UN
4214,2025-01-29 17:24:25,2025-03-24 15:59:49,401227,3000,UN
4215,2025-01-29 17:26:47,2025-02-17 15:56:51,501043,3000,UN
4215,2025-01-29 17:26:47,2025-02-17 15:56:51,501043,-,-
4217,2025-01-30 09:39:21,2025-02-13 09:57:42,411048,2400,M
4218,2025-01-30 10:08:26,2025-02-03 15:27:46,39005,-,-
4223,2025-01-30 15:32:51,2025-02-28 15:03:11,811319,600,UN
4223,2025-01-30 15:32:51,2025-02-28 15:03:11,811318,400,UN
4223,2025-01-30 15:32:51,2025-02-28 15:03:11,811319,600,UN
4252,2025-02-04 10:30:25,2025-02-24 11:13:23,311001,-,-
4252,2025-02-04 10:30:25,2025-02-24 11:13:23,20488,-,-
4252,2025-02-04 10:30:25,2025-02-24 11:13:23,311001,-,-
4254,2025-02-04 11:59:57,2025-02-21 16:01:57,401207,88000,UN
4254,2025-02-04 11:59:57,2025-02-21 16:01:57,401207,90000,UN
4269,2025-02-05 12:00:09,2025-02-13 11:59:14,411039,11500,M
4270,2025-02-05 11:57:38,2025-02-18 13:51:49,402018,2000,M
4281,2025-02-06 08:45:25,2025-07-07 16:14:10,811801,3250,UN
4281,2025-02-06 08:45:25,2025-07-07 16:14:10,811809,5000,UN
4281,2025-02-06 08:45:25,2025-07-07 16:14:10,811753,300,UN
4281,2025-02-06 08:45:25,2025-07-07 16:14:10,811756,1000,UN
4293,2025-02-10 07:06:42,2025-02-24 07:31:45,43936,4,UN
4324,2025-02-12 16:53:12,2025-02-24 10:50:25,33492,8,M
4325,2025-02-13 07:09:34,2025-04-11 08:48:46,202026,500,KG
4325,2025-02-13 07:09:34,2025-04-11 08:48:46,202077,500,KG
4325,2025-02-13 07:09:34,2025-04-11 08:48:46,202034,-,-
4325,2025-02-13 07:09:34,2025-04-11 08:48:46,202043,-,-
4325,2025-02-13 07:09:34,2025-04-11 08:48:46,202045,-,-
4325,2025-02-13 07:09:34,2025-04-11 08:48:46,32081,-,-
4352,2025-02-17 12:14:47,2025-03-10 13:38:19,36111,5,UN
4352,2025-02-17 12:14:47,2025-03-10 13:38:19,47272,-,-
4353,2025-02-17 13:50:13,2025-02-26 16:11:37,801132,30000,UN
4367,2025-02-18 07:41:57,2025-03-12 12:49:03,402015,30000,UN
4367,2025-02-18 07:41:57,2025-03-12 12:49:03,402032,20000,UN
4368,2025-02-18 08:15:33,2025-02-26 12:41:50,209001,1500,M
4370,2025-02-18 09:47:37,2025-04-03 13:38:55,811122,-,-
4370,2025-02-18 09:47:37,2025-04-03 13:38:55,811034,-,-
4370,2025-02-18 09:47:37,2025-04-03 13:38:55,811122,-,-
4370,2025-02-18 09:47:37,2025-04-03 13:38:55,811034,-,-
4370,2025-02-18 09:47:37,2025-04-03 13:38:55,811122,-,-
4370,2025-02-18 09:47:37,2025-04-03 13:38:55,811034,-,-
4377,2025-02-19 07:17:13,2025-02-28 09:43:55,916117,150,UN
4407,2025-02-24 12:12:58,2025-04-01 14:44:52,401157,50000,UN
4407,2025-02-24 12:12:58,2025-04-01 14:44:52,401160,30000,UN
4407,2025-02-24 12:12:58,2025-04-01 14:44:52,401161,15000,UN
4407,2025-02-24 12:12:58,2025-04-01 14:44:52,401007,50000,UN
4407,2025-02-24 12:12:58,2025-04-01 14:44:52,401257,50000,UN
4407,2025-02-24 12:12:58,2025-04-01 14:44:52,401007,51000,UN
4407,2025-02-24 12:12:58,2025-04-01 14:44:52,401257,27000,UN
4407,2025-02-24 12:12:58,2025-04-01 14:44:52,401157,13500,UN
4407,2025-02-24 12:12:58,2025-04-01 14:44:52,401160,30000,UN
4407,2025-02-24 12:12:58,2025-04-01 14:44:52,401157,37500,UN
4407,2025-02-24 12:12:58,2025-04-01 14:44:52,401161,16000,UN
4413,2025-02-25 08:33:17,2025-03-20 09:45:26,202088,1000,KG
4425,2025-02-26 15:28:58,2025-04-04 07:44:59,811040,10000,UN
4425,2025-02-26 15:28:58,2025-04-04 07:44:59,811104,10000,UN
4434,2025-02-27 16:54:49,2025-03-10 13:08:35,411015,8000,UN
4438,2025-02-28 10:10:49,2025-03-13 16:03:35,411039,11500,M
4442,2025-02-28 10:32:21,2025-03-10 13:33:44,401232,1600,UN
4460,2025-03-05 11:21:28,2025-03-18 14:59:36,41699,4,UN
4466,2025-03-06 07:43:48,2025-03-10 15:40:21,401199,4000,UN
4466,2025-03-06 07:43:48,2025-03-10 15:40:21,401156,30000,UN
4466,2025-03-06 07:43:48,2025-03-10 15:40:21,401051,2000,UN
4477,2025-03-06 11:49:22,2025-03-20 09:15:05,411048,2000,M
4477,2025-03-06 11:49:22,2025-03-20 09:15:05,205015,240,M
4484,2025-03-07 09:08:15,2025-03-10 16:01:51,100186,10000,UN
4486,2025-03-07 11:31:50,2025-06-16 08:05:08,811760,7000,UN
4486,2025-03-07 11:31:50,2025-06-16 08:05:08,811828,3000,UN
4486,2025-03-07 11:31:50,2025-06-16 08:05:08,811744,15000,UN
4486,2025-03-07 11:31:50,2025-06-16 08:05:08,811744,-,-
4486,2025-03-07 11:31:50,2025-06-16 08:05:08,811744,15000,UN
4487,2025-03-07 11:35:37,2025-03-17 10:30:55,43936,4,UN
4494,2025-03-10 07:58:56,2025-03-10 08:15:42,916117,300,UN
4519,2025-03-12 11:50:30,2025-03-24 16:24:41,411058,1500,M
4526,2025-03-12 16:46:01,2025-04-15 16:09:09,401208,35000,UN
4526,2025-03-12 16:46:01,2025-04-15 16:09:09,401095,50000,UN
4526,2025-03-12 16:46:01,2025-04-15 16:09:09,401085,30000,UN
4526,2025-03-12 16:46:01,2025-04-15 16:09:09,401109,5000,UN
4526,2025-03-12 16:46:01,2025-04-15 16:09:09,401208,35000,UN
4526,2025-03-12 16:46:01,2025-04-15 16:09:09,401095,50000,UN
4526,2025-03-12 16:46:01,2025-04-15 16:09:09,401085,30000,UN
4526,2025-03-12 16:46:01,2025-04-15 16:09:09,401109,6000,UN
4527,2025-03-12 16:50:24,2025-03-28 15:38:37,402019,15000,UN
4529,2025-03-13 07:35:59,2025-04-28 13:08:43,36470,-,-
4531,2025-03-13 08:31:02,2025-03-26 15:50:25,209001,1500,M
4534,2025-03-13 11:08:34,2025-04-22 08:38:40,202086,300,KG
4534,2025-03-13 11:08:34,2025-04-22 08:38:40,32498,-,-
4565,2025-03-19 08:38:07,2025-03-31 07:08:24,41733,-,-
4565,2025-03-19 08:38:07,2025-03-31 07:08:24,41733,-,-
4574,2025-03-19 16:38:19,2025-03-31 12:23:30,510027,2,UN
4577,2025-03-20 07:14:21,2025-03-25 16:29:52,100186,10000,UN
4594,2025-03-21 14:05:24,2025-03-27 07:42:05,402017,10500,UN
4596,2025-03-21 14:16:08,2025-04-14 10:59:03,401014,50000,UN
4596,2025-03-21 14:16:08,2025-04-14 10:59:03,401069,20000,UN
4596,2025-03-21 14:16:08,2025-04-14 10:59:03,401227,2000,UN
4596,2025-03-21 14:16:08,2025-04-14 10:59:03,401014,50000,UN
4596,2025-03-21 14:16:08,2025-04-14 10:59:03,401069,20000,UN
4598,2025-03-21 14:36:17,2025-04-02 10:57:17,402012,20000,UN
4599,2025-03-21 14:38:35,2025-04-23 12:25:05,402018,1500,M
4603,2025-03-21 15:56:50,2025-04-08 07:03:52,401208,45000,UN
4617,2025-03-25 15:18:45,2025-03-26 09:40:54,44373,7,UN
4621,2025-03-26 14:06:54,2025-04-11 12:03:29,401230,1000,UN
4655,2025-04-02 10:08:17,2025-05-06 11:11:02,102806,600,UN
4655,2025-04-02 10:08:17,2025-05-06 11:11:02,102806,-,-
4656,2025-04-02 10:48:36,2025-04-23 13:14:29,401164,20000,UN
4657,2025-04-02 11:01:24,2025-04-14 12:27:57,402019,20000,UN
4659,2025-04-02 14:44:02,2025-04-29 10:23:53,102573,800,KG
4661,2025-04-02 15:20:26,2025-04-30 15:48:05,811329,-,-
4670,2025-04-03 14:28:53,2025-04-30 10:34:16,201109,-,-
4670,2025-04-03 14:28:53,2025-04-30 10:34:16,201109,-,-
4670,2025-04-03 14:28:53,2025-04-30 10:34:16,201039,-,-
4678,2025-04-04 08:03:46,2025-05-05 14:03:45,32253,-,-
4681,2025-04-04 13:42:36,2025-05-08 07:38:29,202043,-,-
4681,2025-04-04 13:42:36,2025-05-08 07:38:29,202045,-,-
4686,2025-04-08 10:56:55,2025-04-14 11:04:25,102572,-,-
4687,2025-04-08 11:39:25,2025-04-16 15:24:37,100186,10000,UN
4687,2025-04-08 11:39:25,2025-04-16 15:24:37,100186,10000,UN
4691,2025-04-08 14:16:55,2025-04-16 14:27:30,401173,7000,UN
4692,2025-04-08 14:49:20,2025-04-14 16:57:44,33380,-,-
4693,2025-04-08 14:54:23,2025-05-19 14:51:34,402015,15000,UN
4700,2025-04-09 16:38:39,2025-04-22 14:22:24,47496,-,-
4708,2025-04-10 10:55:11,2025-04-14 10:26:53,401007,50000,UN
4728,2025-04-11 14:37:53,2025-05-12 08:33:58,202033,8000,KG
4755,2025-04-15 15:25:36,2025-04-16 09:38:11,102560,300,UN
4756,2025-04-15 15:32:34,2025-04-16 11:08:22,201125,45000,UN
4757,2025-04-15 16:06:39,2025-04-23 13:14:55,401085,50000,UN
4758,2025-04-15 16:53:25,2025-04-22 15:19:01,401226,300,UN
4758,2025-04-15 16:53:25,2025-04-22 15:19:01,401226,500,UN
4777,2025-04-22 15:18:33,2025-05-09 09:43:38,34951,-,-
4793,2025-04-24 08:34:44,2025-04-30 10:32:23,401007,100000,UN
4794,2025-04-24 08:48:48,2025-04-30 10:33:05,401077,1000,UN
4795,2025-04-24 08:59:25,2025-05-29 10:20:15,811311,50000,UN
4797,2025-04-24 10:21:56,2025-05-14 15:55:30,411039,6900,M
4797,2025-04-24 10:21:56,2025-05-14 15:55:30,29705,-,-
4799,2025-04-24 10:34:52,2025-05-07 15:08:23,811846,1000,UN
4800,2025-04-24 10:59:51,2025-05-26 08:23:31,916168,-,-
4801,2025-04-24 11:22:36,2025-06-23 07:04:15,401157,40000,UN
4801,2025-04-24 11:22:36,2025-06-23 07:04:15,401160,15000,UN
4801,2025-04-24 11:22:36,2025-06-23 07:04:15,401208,100000,UN
4838,2025-04-30 07:40:23,2025-06-13 09:10:27,47530,-,-
4839,2025-04-30 07:47:37,2025-05-09 14:45:04,37675,-,-
4842,2025-04-30 15:14:41,2025-05-29 09:40:37,202088,3500,KG
4843,2025-04-30 16:54:28,2025-05-26 08:31:59,999023,-,-
4848,2025-05-02 15:55:44,2025-05-22 16:40:26,401267,500,UN
4848,2025-05-02 15:55:44,2025-05-22 16:40:26,401255,500,UN
4848,2025-05-02 15:55:44,2025-05-22 16:40:26,401255,500,UN
4848,2025-05-02 15:55:44,2025-05-22 16:40:26,401267,500,UN
4848,2025-05-02 15:55:44,2025-05-22 16:40:26,401267,500,UN
4857,2025-05-05 15:00:55,2025-05-13 12:26:26,402012,20000,UN
4857,2025-05-05 15:00:55,2025-05-13 12:26:26,402019,40000,UN
4858,2025-05-05 15:21:39,2025-06-03 11:54:36,811034,-,-
4858,2025-05-05 15:21:39,2025-06-03 11:54:36,811122,-,-
4859,2025-05-05 15:27:14,2025-05-27 12:00:49,401007,100000,UN
4860,2025-05-05 15:52:34,2025-05-19 16:57:15,401156,50000,UN
4860,2025-05-05 15:52:34,2025-05-19 16:57:15,401164,20000,UN
4860,2025-05-05 15:52:34,2025-05-19 16:57:15,401115,40000,UN
4860,2025-05-05 15:52:34,2025-05-19 16:57:15,401199,3000,UN
4868,2025-05-07 13:40:34,2025-06-16 10:44:11,811756,1200,UN
4868,2025-05-07 13:40:34,2025-06-16 10:44:11,811801,2000,UN
4881,2025-05-08 08:50:03,2025-05-29 09:46:49,202086,300,KG
4902,2025-05-08 16:37:08,2025-07-24 16:59:45,201140,-,-
4902,2025-05-08 16:37:08,2025-07-24 16:59:45,401261,-,-
4902,2025-05-08 16:37:08,2025-07-24 16:59:45,201136,-,-
4902,2025-05-08 16:37:08,2025-07-24 16:59:45,401262,-,-
4902,2025-05-08 16:37:08,2025-07-24 16:59:45,301053,-,-
4914,2025-05-09 13:47:51,2025-05-20 14:25:13,411015,8000,UN
4918,2025-05-12 10:17:15,2025-05-22 15:58:57,401169,45000,UN
4918,2025-05-12 10:17:15,2025-05-22 15:58:57,401108,60000,UN
4918,2025-05-12 10:17:15,2025-05-22 15:58:57,401108,60000,UN
4926,2025-05-13 08:59:52,2025-05-19 16:56:00,402028,60000,UN
4929,2025-05-13 09:07:09,2025-05-21 15:49:45,402017,15000,UN
4939,2025-05-13 15:02:24,2025-05-23 09:05:05,49368,-,-
4951,2025-05-15 14:04:59,2025-05-30 10:21:05,202091,1000,KG
4952,2025-05-15 08:50:36,2025-05-15 10:30:37,401161,20000,UN
4952,2025-05-15 08:50:36,2025-05-15 10:30:37,401160,130000,UN
4952,2025-05-15 08:50:36,2025-05-15 10:30:37,401160,-,-
4952,2025-05-15 08:50:36,2025-05-15 10:30:37,401160,-,-
4952,2025-05-15 08:50:36,2025-05-15 10:30:37,401160,-,-
4952,2025-05-15 08:50:36,2025-05-15 10:30:37,401270,-,-
4970,2025-05-19 09:56:51,2025-06-02 16:35:41,510027,2,UN
4970,2025-05-19 09:56:51,2025-06-02 16:35:41,510027,-,-
4991,2025-05-21 12:15:44,2025-05-26 16:13:35,44904,-,-
5008,2025-05-22 14:59:20,2025-05-29 15:58:42,402042,400,UN
5008,2025-05-22 14:59:20,2025-05-29 15:58:42,401069,20000,UN
5008,2025-05-22 14:59:20,2025-05-29 15:58:42,401051,500,UN
5008,2025-05-22 14:59:20,2025-05-29 15:58:42,401207,60000,UN
5022,2025-05-26 11:56:32,2025-08-01 14:08:33,916312,30,UN
5022,2025-05-26 11:56:32,2025-08-01 14:08:33,34516,-,-
5025,2025-05-26 16:09:56,2025-07-15 09:29:18,811744,12000,UN
5025,2025-05-26 16:09:56,2025-07-15 09:29:18,811846,1500,UN
5025,2025-05-26 16:09:56,2025-07-15 09:29:18,811744,-,-
5025,2025-05-26 16:09:56,2025-07-15 09:29:18,811846,1500,UN
5025,2025-05-26 16:09:56,2025-07-15 09:29:18,811744,12555,UN
5025,2025-05-26 16:09:56,2025-07-15 09:29:18,811846,1610,UN
5026,2025-05-26 16:22:32,2025-06-13 09:27:35,102573,500,KG
5026,2025-05-26 16:22:32,2025-06-13 09:27:35,102574,100,KG
5026,2025-05-26 16:22:32,2025-06-13 09:27:35,34483,-,-
5038,2025-05-28 12:07:59,2025-07-24 17:17:08,999024,-,-
5081,2025-06-02 10:34:38,2025-06-06 15:38:08,401085,80000,UN
5082,2025-06-02 10:45:59,2025-06-20 14:42:49,402015,35000,UN
5083,2025-06-02 10:53:03,2025-06-30 07:34:57,403043,12000,UN
5083,2025-06-02 10:53:03,2025-06-30 07:34:57,403032,12000,UN
5084,2025-06-02 11:16:31,2025-07-07 15:30:45,811106,500,UN
5084,2025-06-02 11:16:31,2025-07-07 15:30:45,811041,500,UN
5084,2025-06-02 11:16:31,2025-07-07 15:30:45,811122,-,-
5084,2025-06-02 11:16:31,2025-07-07 15:30:45,811824,100,UN
5084,2025-06-02 11:16:31,2025-07-07 15:30:45,811037,500,UN
5087,2025-06-02 14:01:14,2025-08-04 15:48:51,36111,4,UN
5087,2025-06-02 14:01:14,2025-08-04 15:48:51,33402,5,UN
5087,2025-06-02 14:01:14,2025-08-04 15:48:51,36111,4,UN
5087,2025-06-02 14:01:14,2025-08-04 15:48:51,33402,5,UN
5088,2025-06-02 15:22:48,2025-08-19 11:55:12,46138,-,-
5088,2025-06-02 15:22:48,2025-08-19 11:55:12,46138,-,-
5089,2025-06-02 15:33:16,2025-07-04 07:25:26,811845,525,UN
5089,2025-06-02 15:33:16,2025-07-04 07:25:26,811756,600,UN
5099,2025-06-04 14:11:35,2025-06-25 14:39:21,916117,150,UN
5121,2025-06-10 07:18:33,2025-07-07 16:13:51,501043,1500,UN
5126,2025-06-10 07:42:25,2025-06-16 14:02:39,401007,200000,UN
5129,2025-06-10 10:25:34,2025-08-06 07:26:02,402012,20000,UN
5153,2025-06-12 14:58:18,2025-07-07 16:13:36,202062,350,KG
5153,2025-06-12 14:58:18,2025-07-07 16:13:36,202062,100,KG
5156,2025-06-13 08:41:15,2025-07-07 16:14:33,201038,-,-
5158,2025-06-13 09:46:30,2025-07-04 15:19:46,411048,1200,M
5160,2025-06-16 08:51:12,2025-06-16 14:35:16,401161,20000,UN
5160,2025-06-16 08:51:12,2025-06-16 14:35:16,401162,16000,UN
5166,2025-06-16 14:34:29,2025-07-10 07:33:26,401162,16000,UN
5201,2025-06-24 09:11:33,2025-07-11 14:20:13,401182,600,UN
5201,2025-06-24 09:11:33,2025-07-11 14:20:13,401141,1000,UN
5201,2025-06-24 09:11:33,2025-07-11 14:20:13,401108,60000,UN
5211,2025-06-24 16:08:01,2025-08-05 08:22:50,202091,1000,KG
5211,2025-06-24 16:08:01,2025-08-05 08:22:50,202090,1000,KG
5211,2025-06-24 16:08:01,2025-08-05 08:22:50,202074,1000,KG
5235,2025-06-27 12:24:11,2025-07-15 09:30:25,47592,-,-
5243,2025-07-01 08:11:50,2025-07-24 17:17:21,401225,200,UN
5243,2025-07-01 08:11:50,2025-07-24 17:17:21,401226,200,UN
5255,2025-07-02 07:40:23,2025-07-02 08:09:37,401163,50000,UN
5257,2025-07-02 08:09:06,2025-08-13 09:36:50,401163,150000,UN
5257,2025-07-02 08:09:06,2025-08-13 09:36:50,401163,50000,UN
5257,2025-07-02 08:09:06,2025-08-13 09:36:50,401163,-,-
5271,2025-07-03 11:20:10,2025-08-18 14:25:56,39522,500,M
5284,2025-07-04 11:25:52,2025-07-29 08:20:57,100186,15000,UN
5291,2025-07-07 12:25:14,2025-07-11 14:21:18,402042,400,UN
5291,2025-07-07 12:25:14,2025-07-11 14:21:18,401283,1000,UN
5293,2025-07-07 15:05:34,2025-07-28 15:22:51,402032,20000,UN
5294,2025-07-07 15:16:14,2025-08-19 08:13:05,411015,8000,UN
5295,2025-07-07 16:12:05,2025-10-29 16:40:49,811756,900,UN
5295,2025-07-07 16:12:05,2025-10-29 16:40:49,811802,2100,UN
5295,2025-07-07 16:12:05,2025-10-29 16:40:49,811895,100,UN
5329,2025-07-14 09:59:05,2025-08-18 13:58:17,402019,30000,UN
5330,2025-07-14 10:21:01,2025-08-29 14:34:14,510027,-,-
5336,2025-07-16 07:54:49,2025-08-11 16:36:42,401007,100000,UN
5344,2025-07-16 16:34:25,2025-09-02 14:43:30,916325,1000,M
5369,2025-07-22 15:54:58,2025-08-11 11:25:55,916117,150,UN
5373,2025-07-23 14:13:22,2025-09-03 16:57:37,401262,-,-
5373,2025-07-23 14:13:22,2025-09-03 16:57:37,401261,-,-
5373,2025-07-23 14:13:22,2025-09-03 16:57:37,201140,-,-
5373,2025-07-23 14:13:22,2025-09-03 16:57:37,201136,-,-
5389,2025-07-25 12:03:31,2025-08-20 15:31:09,401095,40000,UN
5389,2025-07-25 12:03:31,2025-08-20 15:31:09,401208,25000,UN
5389,2025-07-25 12:03:31,2025-08-20 15:31:09,401161,15000,UN
5389,2025-07-25 12:03:31,2025-08-20 15:31:09,402028,30000,UN
5389,2025-07-25 12:03:31,2025-08-20 15:31:09,401207,30000,UN
5389,2025-07-25 12:03:31,2025-08-20 15:31:09,36367,-,-
5389,2025-07-25 12:03:31,2025-08-20 15:31:09,402028,30000,UN
5389,2025-07-25 12:03:31,2025-08-20 15:31:09,401207,30000,UN
5389,2025-07-25 12:03:31,2025-08-20 15:31:09,402028,30000,UN
5389,2025-07-25 12:03:31,2025-08-20 15:31:09,401207,30000,UN
5389,2025-07-25 12:03:31,2025-08-20 15:31:09,402028,30000,UN
5389,2025-07-25 12:03:31,2025-08-20 15:31:09,401207,30000,UN
5389,2025-07-25 12:03:31,2025-08-20 15:31:09,402028,30000,UN
5389,2025-07-25 12:03:31,2025-08-20 15:31:09,401207,30000,UN
5389,2025-07-25 12:03:31,2025-08-20 15:31:09,402028,30000,UN
5389,2025-07-25 12:03:31,2025-08-20 15:31:09,401207,30000,UN
5389,2025-07-25 12:03:31,2025-08-20 15:31:09,402028,30000,UN
5389,2025-07-25 12:03:31,2025-08-20 15:31:09,401207,30000,UN
5389,2025-07-25 12:03:31,2025-08-20 15:31:09,402028,30000,UN
5389,2025-07-25 12:03:31,2025-08-20 15:31:09,401207,30000,UN
5389,2025-07-25 12:03:31,2025-08-20 15:31:09,402028,30000,UN
5389,2025-07-25 12:03:31,2025-08-20 15:31:09,401207,30000,UN
5389,2025-07-25 12:03:31,2025-08-20 15:31:09,401208,25000,UN
5389,2025-07-25 12:03:31,2025-08-20 15:31:09,401161,15000,UN
5389,2025-07-25 12:03:31,2025-08-20 15:31:09,401208,25000,UN
5389,2025-07-25 12:03:31,2025-08-20 15:31:09,401161,15000,UN
5390,2025-07-25 10:58:31,2025-09-11 14:29:19,411058,1500,M
5393,2025-07-25 12:08:32,2025-08-27 16:18:39,402015,30000,UN
5424,2025-07-30 16:29:17,2025-08-26 17:49:11,811913,-,-
5424,2025-07-30 16:29:17,2025-08-26 17:49:11,811914,-,-
5433,2025-07-31 08:47:34,2025-08-26 17:48:00,811787,-,-
5433,2025-07-31 08:47:34,2025-08-26 17:48:00,811034,-,-
5433,2025-07-31 08:47:34,2025-08-26 17:48:00,811032,-,-
5433,2025-07-31 08:47:34,2025-08-26 17:48:00,811037,-,-
5433,2025-07-31 08:47:34,2025-08-26 17:48:00,811787,-,-
5450,2025-08-04 10:57:16,2025-08-15 14:37:12,103547,500,M
5451,2025-08-04 11:07:15,2025-09-02 08:14:54,402018,1500,M
5454,2025-08-04 11:55:23,2025-09-04 10:29:38,201125,30000,UN
5456,2025-08-04 12:13:16,2025-08-20 15:42:24,501043,1500,UN
5460,2025-08-04 12:25:34,2025-08-19 16:04:51,401164,30000,UN
5460,2025-08-04 12:25:34,2025-08-19 16:04:51,401163,100000,UN
5460,2025-08-04 12:25:34,2025-08-19 16:04:51,401164,30000,UN
5462,2025-08-04 16:09:20,2025-08-22 08:08:17,811915,-,-
5462,2025-08-04 16:09:20,2025-08-22 08:08:17,811916,-,-
5483,2025-08-06 16:18:07,2025-08-29 14:35:14,202033,8000,KG
5483,2025-08-06 16:18:07,2025-08-29 14:35:14,202093,200,KG
5497,2025-08-08 15:13:52,2025-08-20 07:06:55,202094,1000,KG
5497,2025-08-08 15:13:52,2025-08-20 07:06:55,202074,2000,KG
5497,2025-08-08 15:13:52,2025-08-20 07:06:55,202094,-,-
5497,2025-08-08 15:13:52,2025-08-20 07:06:55,202074,-,-
5497,2025-08-08 15:13:52,2025-08-20 07:06:55,202090,-,-
5497,2025-08-08 15:13:52,2025-08-20 07:06:55,202074,-,-
5497,2025-08-08 15:13:52,2025-08-20 07:06:55,202074,-,-
5506,2025-08-11 15:37:13,2025-09-05 12:12:58,916117,200,UN
5511,2025-08-11 16:50:33,2025-08-13 13:06:12,401007,100000,UN
5520,2025-08-13 08:50:57,2025-08-25 07:48:17,209001,2000,M
5521,2025-08-13 09:04:40,2025-08-21 08:53:32,47673,-,-
5522,2025-08-13 09:08:59,2025-08-21 08:53:47,49958,15,UN
5524,2025-08-13 15:01:26,2025-09-18 15:02:37,201038,-,-
5524,2025-08-13 15:01:26,2025-09-18 15:02:37,201038,-,-
5524,2025-08-13 15:01:26,2025-09-18 15:02:37,201109,-,-
5524,2025-08-13 15:01:26,2025-09-18 15:02:37,201038,-,-
5525,2025-08-13 15:08:39,2025-09-12 07:37:29,411048,1200,M
5537,2025-08-14 16:01:24,2025-08-29 19:48:31,801132,20000,UN
5561,2025-08-19 16:41:24,2025-10-08 16:04:50,811122,-,-
5561,2025-08-19 16:41:24,2025-10-08 16:04:50,811034,1500,UN
5563,2025-08-20 07:56:22,2025-09-05 07:19:22,402017,5000,UN
5568,2025-08-21 10:21:47,2025-09-12 11:58:45,202076,1000,KG
5587,2025-08-25 12:22:00,2025-09-16 11:31:14,811845,-,-
5590,2025-08-25 16:38:49,2025-10-02 15:40:32,102573,600,KG
5594,2025-08-26 08:42:53,2025-10-06 11:12:46,401169,15000,UN
5594,2025-08-26 08:42:53,2025-10-06 11:12:46,401156,30000,UN
5594,2025-08-26 08:42:53,2025-10-06 11:12:46,401182,500,UN
5594,2025-08-26 08:42:53,2025-10-06 11:12:46,401199,2000,UN
5594,2025-08-26 08:42:53,2025-10-06 11:12:46,401163,100000,UN
5597,2025-08-26 09:43:18,2025-09-08 08:28:48,401007,50000,UN
5597,2025-08-26 09:43:18,2025-09-08 08:28:48,401109,2000,UN
5597,2025-08-26 09:43:18,2025-09-08 08:28:48,401201,300,UN
5597,2025-08-26 09:43:18,2025-09-08 08:28:48,401248,50000,UN
5597,2025-08-26 09:43:18,2025-09-08 08:28:48,402042,600,UN
5597,2025-08-26 09:43:18,2025-09-08 08:28:48,401109,3000,UN
5597,2025-08-26 09:43:18,2025-09-08 08:28:48,401007,51000,UN
5597,2025-08-26 09:43:18,2025-09-08 08:28:48,401248,51000,UN
5597,2025-08-26 09:43:18,2025-09-08 08:28:48,401201,300,UN
5602,2025-08-27 07:52:14,2025-09-17 09:58:00,510027,-,-
5605,2025-08-27 07:59:32,2025-10-06 11:20:37,411039,11500,M
5607,2025-08-27 08:44:22,2025-09-02 10:27:26,202091,2000,KG
5607,2025-08-27 08:44:22,2025-09-02 10:27:26,202094,2000,KG
5608,2025-08-27 11:41:36,2025-09-02 16:50:39,102572,1,UN
5608,2025-08-27 11:41:36,2025-09-02 16:50:39,36584,1,UN
5641,2025-09-01 08:41:05,2025-09-12 16:06:41,402012,20000,UN
5646,2025-09-01 15:16:36,2025-10-06 10:50:20,811043,300,UN
5646,2025-09-01 15:16:36,2025-10-06 10:50:20,811037,500,UN
5654,2025-09-02 11:53:45,2025-09-22 16:27:29,501043,1500,UN
5657,2025-09-02 16:49:54,2025-09-08 12:15:34,401254,1000,UN
5658,2025-09-02 17:05:56,2025-10-03 07:43:59,401226,300,UN
5678,2025-09-05 11:54:56,2025-09-30 07:29:06,403032,10000,UN
5678,2025-09-05 11:54:56,2025-09-30 07:29:06,403049,2500,UN
5679,2025-09-08 10:44:40,2025-09-08 10:50:40,402042,600,UN
5679,2025-09-08 10:44:40,2025-09-08 10:50:40,401172,500,UN
5679,2025-09-08 10:44:40,2025-09-08 10:50:40,401252,5000,UN
5680,2025-09-08 10:52:00,2025-10-16 09:29:59,402042,600,UN
5680,2025-09-08 10:52:00,2025-10-16 09:29:59,401172,500,UN
5680,2025-09-08 10:52:00,2025-10-16 09:29:59,401252,5000,UN
5680,2025-09-08 10:52:00,2025-10-16 09:29:59,401102,-,-
5680,2025-09-08 10:52:00,2025-10-16 09:29:59,37417,-,-
5687,2025-09-09 07:27:13,2025-09-17 13:47:32,202091,2000,KG
5690,2025-09-09 13:36:04,2025-10-16 15:07:14,811771,200,UN
5691,2025-09-09 11:26:02,2025-09-23 09:12:04,209001,2000,M
5701,2025-09-10 15:55:07,2025-09-19 08:10:41,401095,20000,UN
5701,2025-09-10 15:55:07,2025-09-19 08:10:41,401115,20000,UN
5701,2025-09-10 15:55:07,2025-09-19 08:10:41,37417,-,-
5710,2025-09-12 08:04:05,2025-09-25 17:05:27,916117,300,UN
5715,2025-09-15 12:10:51,2025-10-29 15:12:50,301053,500,M
5717,2025-09-15 14:00:02,2025-09-19 13:47:09,411048,1200,M
5728,2025-09-16 13:44:16,2025-09-30 13:32:22,34856,-,-
5728,2025-09-16 13:44:16,2025-09-30 13:32:22,48988,-,-
5731,2025-09-16 15:47:27,2025-10-29 07:22:43,401173,3000,UN
5733,2025-09-16 15:15:14,2025-09-18 07:24:59,401233,1200,UN
5733,2025-09-16 15:15:14,2025-09-18 07:24:59,401234,2000,UN
5735,2025-09-16 16:38:07,2025-10-20 12:14:23,202091,3000,KG
5737,2025-09-16 17:02:56,2025-10-06 10:46:41,202094,2000,KG
5742,2025-09-17 10:19:10,2025-10-20 12:19:13,811915,1500,UN
5751,2025-09-19 09:06:14,2025-11-26 08:34:47,401007,200000,UN
5751,2025-09-19 09:06:14,2025-11-26 08:34:47,401234,1500,UN
5751,2025-09-19 09:06:14,2025-11-26 08:34:47,402028,20000,UN
5751,2025-09-19 09:06:14,2025-11-26 08:34:47,401207,30000,UN
5751,2025-09-19 09:06:14,2025-11-26 08:34:47,401051,600,UN
5751,2025-09-19 09:06:14,2025-11-26 08:34:47,401014,15000,UN
5751,2025-09-19 09:06:14,2025-11-26 08:34:47,401260,7000,UN
5751,2025-09-19 09:06:14,2025-11-26 08:34:47,402028,20000,UN
5751,2025-09-19 09:06:14,2025-11-26 08:34:47,401207,30000,UN
5751,2025-09-19 09:06:14,2025-11-26 08:34:47,401051,600,UN
5751,2025-09-19 09:06:14,2025-11-26 08:34:47,401014,15000,UN
5753,2025-09-19 12:13:24,2025-10-15 10:59:05,403047,3000,UN
5770,2025-09-23 14:14:02,2025-10-06 12:21:14,202086,300,KG
5770,2025-09-23 14:14:02,2025-10-06 12:21:14,202086,300,KG
5774,2025-09-24 13:32:08,2025-09-24 16:04:41,401261,-,-
5774,2025-09-24 13:32:08,2025-09-24 16:04:41,401278,-,-
5774,2025-09-24 13:32:08,2025-09-24 16:04:41,401263,-,-
5774,2025-09-24 13:32:08,2025-09-24 16:04:41,401275,-,-
5774,2025-09-24 13:32:08,2025-09-24 16:04:41,401263,-,-
5774,2025-09-24 13:32:08,2025-09-24 16:04:41,401275,-,-
5774,2025-09-24 13:32:08,2025-09-24 16:04:41,401263,-,-
5774,2025-09-24 13:32:08,2025-09-24 16:04:41,401275,-,-
5774,2025-09-24 13:32:08,2025-09-24 16:04:41,401262,-,-
5774,2025-09-24 13:32:08,2025-09-24 16:04:41,401277,-,-
5774,2025-09-24 13:32:08,2025-09-24 16:04:41,401271,-,-
5774,2025-09-24 13:32:08,2025-09-24 16:04:41,401274,-,-
5774,2025-09-24 13:32:08,2025-09-24 16:04:41,401271,-,-
5774,2025-09-24 13:32:08,2025-09-24 16:04:41,401274,-,-
5774,2025-09-24 13:32:08,2025-09-24 16:04:41,401271,-,-
5774,2025-09-24 13:32:08,2025-09-24 16:04:41,401274,-,-
5774,2025-09-24 13:32:08,2025-09-24 16:04:41,201140,-,-
5774,2025-09-24 13:32:08,2025-09-24 16:04:41,401261,-,-
5774,2025-09-24 13:32:08,2025-09-24 16:04:41,401278,-,-
5774,2025-09-24 13:32:08,2025-09-24 16:04:41,401263,-,-
5774,2025-09-24 13:32:08,2025-09-24 16:04:41,401275,-,-
5774,2025-09-24 13:32:08,2025-09-24 16:04:41,401263,-,-
5774,2025-09-24 13:32:08,2025-09-24 16:04:41,401275,-,-
5774,2025-09-24 13:32:08,2025-09-24 16:04:41,401263,-,-
5774,2025-09-24 13:32:08,2025-09-24 16:04:41,401275,-,-
5774,2025-09-24 13:32:08,2025-09-24 16:04:41,401262,-,-
5774,2025-09-24 13:32:08,2025-09-24 16:04:41,401277,-,-
5774,2025-09-24 13:32:08,2025-09-24 16:04:41,401271,-,-
5774,2025-09-24 13:32:08,2025-09-24 16:04:41,401274,-,-
5774,2025-09-24 13:32:08,2025-09-24 16:04:41,401271,-,-
5774,2025-09-24 13:32:08,2025-09-24 16:04:41,401274,-,-
5774,2025-09-24 13:32:08,2025-09-24 16:04:41,401271,-,-
5774,2025-09-24 13:32:08,2025-09-24 16:04:41,401274,-,-
5774,2025-09-24 13:32:08,2025-09-24 16:04:41,201140,-,-
5774,2025-09-24 13:32:08,2025-09-24 16:04:41,401261,-,-
5774,2025-09-24 13:32:08,2025-09-24 16:04:41,401278,-,-
5774,2025-09-24 13:32:08,2025-09-24 16:04:41,401263,-,-
5774,2025-09-24 13:32:08,2025-09-24 16:04:41,401275,-,-
5774,2025-09-24 13:32:08,2025-09-24 16:04:41,401263,-,-
5774,2025-09-24 13:32:08,2025-09-24 16:04:41,401275,-,-
5774,2025-09-24 13:32:08,2025-09-24 16:04:41,401263,-,-
5774,2025-09-24 13:32:08,2025-09-24 16:04:41,401275,-,-
5774,2025-09-24 13:32:08,2025-09-24 16:04:41,401262,-,-
5774,2025-09-24 13:32:08,2025-09-24 16:04:41,401277,-,-
5774,2025-09-24 13:32:08,2025-09-24 16:04:41,401271,-,-
5774,2025-09-24 13:32:08,2025-09-24 16:04:41,401274,-,-
5774,2025-09-24 13:32:08,2025-09-24 16:04:41,401271,-,-
5774,2025-09-24 13:32:08,2025-09-24 16:04:41,401274,-,-
5774,2025-09-24 13:32:08,2025-09-24 16:04:41,401271,-,-
5774,2025-09-24 13:32:08,2025-09-24 16:04:41,401274,-,-
5774,2025-09-24 13:32:08,2025-09-24 16:04:41,201140,-,-
5774,2025-09-24 13:32:08,2025-09-24 16:04:41,401271,-,-
5774,2025-09-24 13:32:08,2025-09-24 16:04:41,401272,-,-
5774,2025-09-24 13:32:08,2025-09-24 16:04:41,401273,-,-
5774,2025-09-24 13:32:08,2025-09-24 16:04:41,401272,-,-
5774,2025-09-24 13:32:08,2025-09-24 16:04:41,401273,-,-
5774,2025-09-24 13:32:08,2025-09-24 16:04:41,401272,-,-
5774,2025-09-24 13:32:08,2025-09-24 16:04:41,401273,-,-
5783,2025-09-24 16:08:40,2025-10-02 11:56:18,401261,-,-
5783,2025-09-24 16:08:40,2025-10-02 11:56:18,401278,-,-
5783,2025-09-24 16:08:40,2025-10-02 11:56:18,401263,-,-
5783,2025-09-24 16:08:40,2025-10-02 11:56:18,401275,-,-
5783,2025-09-24 16:08:40,2025-10-02 11:56:18,401263,-,-
5783,2025-09-24 16:08:40,2025-10-02 11:56:18,401275,-,-
5783,2025-09-24 16:08:40,2025-10-02 11:56:18,401263,-,-
5783,2025-09-24 16:08:40,2025-10-02 11:56:18,401275,-,-
5783,2025-09-24 16:08:40,2025-10-02 11:56:18,401262,-,-
5783,2025-09-24 16:08:40,2025-10-02 11:56:18,401277,-,-
5783,2025-09-24 16:08:40,2025-10-02 11:56:18,401271,-,-
5783,2025-09-24 16:08:40,2025-10-02 11:56:18,401274,-,-
5783,2025-09-24 16:08:40,2025-10-02 11:56:18,401271,-,-
5783,2025-09-24 16:08:40,2025-10-02 11:56:18,401274,-,-
5783,2025-09-24 16:08:40,2025-10-02 11:56:18,401271,-,-
5783,2025-09-24 16:08:40,2025-10-02 11:56:18,401274,-,-
5783,2025-09-24 16:08:40,2025-10-02 11:56:18,201140,-,-
5783,2025-09-24 16:08:40,2025-10-02 11:56:18,401271,-,-
5783,2025-09-24 16:08:40,2025-10-02 11:56:18,401272,-,-
5783,2025-09-24 16:08:40,2025-10-02 11:56:18,401273,-,-
5783,2025-09-24 16:08:40,2025-10-02 11:56:18,401272,-,-
5783,2025-09-24 16:08:40,2025-10-02 11:56:18,401273,-,-
5783,2025-09-24 16:08:40,2025-10-02 11:56:18,401272,-,-
5783,2025-09-24 16:08:40,2025-10-02 11:56:18,401273,-,-
5792,2025-09-25 12:16:52,2025-11-07 07:13:42,811744,14000,UN
5805,2025-09-26 15:04:43,2025-10-27 16:11:57,811040,5000,UN
5824,2025-10-01 07:46:33,2025-10-21 10:49:21,501043,2000,UN
5824,2025-10-01 07:46:33,2025-10-21 10:49:21,501043,3000,UN
5824,2025-10-01 07:46:33,2025-10-21 10:49:21,501043,4500,UN
5827,2025-10-01 16:23:35,2025-10-06 10:52:59,49968,04,UN
5835,2025-10-02 14:30:12,2025-10-02 14:38:06,201147,150,KG
5835,2025-10-02 14:30:12,2025-10-02 14:38:06,401261,-,-
5835,2025-10-02 14:30:12,2025-10-02 14:38:06,401261,-,-
5835,2025-10-02 14:30:12,2025-10-02 14:38:06,401261,-,-
5835,2025-10-02 14:30:12,2025-10-02 14:38:06,401261,-,-
5835,2025-10-02 14:30:12,2025-10-02 14:38:06,401261,-,-
5835,2025-10-02 14:30:12,2025-10-02 14:38:06,401262,-,-
5835,2025-10-02 14:30:12,2025-10-02 14:38:06,401262,-,-
5835,2025-10-02 14:30:12,2025-10-02 14:38:06,401262,-,-
5835,2025-10-02 14:30:12,2025-10-02 14:38:06,401262,-,-
5835,2025-10-02 14:30:12,2025-10-02 14:38:06,401262,-,-
5835,2025-10-02 14:30:12,2025-10-02 14:38:06,201140,-,-
5835,2025-10-02 14:30:12,2025-10-02 14:38:06,201140,-,-
5835,2025-10-02 14:30:12,2025-10-02 14:38:06,201140,-,-
5835,2025-10-02 14:30:12,2025-10-02 14:38:06,201140,-,-
5835,2025-10-02 14:30:12,2025-10-02 14:38:06,201140,-,-
5835,2025-10-02 14:30:12,2025-10-02 14:38:06,401278,-,-
5835,2025-10-02 14:30:12,2025-10-02 14:38:06,401263,-,-
5835,2025-10-02 14:30:12,2025-10-02 14:38:06,401275,-,-
5835,2025-10-02 14:30:12,2025-10-02 14:38:06,401278,-,-
5835,2025-10-02 14:30:12,2025-10-02 14:38:06,401263,-,-
5835,2025-10-02 14:30:12,2025-10-02 14:38:06,401275,-,-
5835,2025-10-02 14:30:12,2025-10-02 14:38:06,401278,-,-
5835,2025-10-02 14:30:12,2025-10-02 14:38:06,401263,-,-
5835,2025-10-02 14:30:12,2025-10-02 14:38:06,401275,-,-
5835,2025-10-02 14:30:12,2025-10-02 14:38:06,401278,-,-
5835,2025-10-02 14:30:12,2025-10-02 14:38:06,401263,-,-
5835,2025-10-02 14:30:12,2025-10-02 14:38:06,401275,-,-
5835,2025-10-02 14:30:12,2025-10-02 14:38:06,401277,-,-
5835,2025-10-02 14:30:12,2025-10-02 14:38:06,401271,-,-
5835,2025-10-02 14:30:12,2025-10-02 14:38:06,401274,-,-
5835,2025-10-02 14:30:12,2025-10-02 14:38:06,401277,-,-
5835,2025-10-02 14:30:12,2025-10-02 14:38:06,401271,-,-
5835,2025-10-02 14:30:12,2025-10-02 14:38:06,401274,-,-
5835,2025-10-02 14:30:12,2025-10-02 14:38:06,401277,-,-
5835,2025-10-02 14:30:12,2025-10-02 14:38:06,401271,-,-
5835,2025-10-02 14:30:12,2025-10-02 14:38:06,401274,-,-
5835,2025-10-02 14:30:12,2025-10-02 14:38:06,401277,-,-
5835,2025-10-02 14:30:12,2025-10-02 14:38:06,401271,-,-
5835,2025-10-02 14:30:12,2025-10-02 14:38:06,401274,-,-
5835,2025-10-02 14:30:12,2025-10-02 14:38:06,401276,-,-
5835,2025-10-02 14:30:12,2025-10-02 14:38:06,401272,-,-
5835,2025-10-02 14:30:12,2025-10-02 14:38:06,401273,-,-
5835,2025-10-02 14:30:12,2025-10-02 14:38:06,401276,-,-
5835,2025-10-02 14:30:12,2025-10-02 14:38:06,401272,-,-
5835,2025-10-02 14:30:12,2025-10-02 14:38:06,401273,-,-
5835,2025-10-02 14:30:12,2025-10-02 14:38:06,401276,-,-
5835,2025-10-02 14:30:12,2025-10-02 14:38:06,401272,-,-
5835,2025-10-02 14:30:12,2025-10-02 14:38:06,401273,-,-
5835,2025-10-02 14:30:12,2025-10-02 14:38:06,401276,-,-
5835,2025-10-02 14:30:12,2025-10-02 14:38:06,401272,-,-
5835,2025-10-02 14:30:12,2025-10-02 14:38:06,401273,-,-
5837,2025-10-02 14:39:59,2025-12-11 14:38:46,201147,150,KG
5837,2025-10-02 14:39:59,2025-12-11 14:38:46,401261,-,-
5837,2025-10-02 14:39:59,2025-12-11 14:38:46,401261,-,-
5837,2025-10-02 14:39:59,2025-12-11 14:38:46,401261,-,-
5837,2025-10-02 14:39:59,2025-12-11 14:38:46,401261,-,-
5837,2025-10-02 14:39:59,2025-12-11 14:38:46,401261,-,-
5837,2025-10-02 14:39:59,2025-12-11 14:38:46,401262,-,-
5837,2025-10-02 14:39:59,2025-12-11 14:38:46,401262,-,-
5837,2025-10-02 14:39:59,2025-12-11 14:38:46,401262,-,-
5837,2025-10-02 14:39:59,2025-12-11 14:38:46,401262,-,-
5837,2025-10-02 14:39:59,2025-12-11 14:38:46,401262,-,-
5837,2025-10-02 14:39:59,2025-12-11 14:38:46,201140,-,-
5837,2025-10-02 14:39:59,2025-12-11 14:38:46,201140,-,-
5837,2025-10-02 14:39:59,2025-12-11 14:38:46,201140,-,-
5837,2025-10-02 14:39:59,2025-12-11 14:38:46,201140,-,-
5837,2025-10-02 14:39:59,2025-12-11 14:38:46,201140,-,-
5837,2025-10-02 14:39:59,2025-12-11 14:38:46,401278,-,-
5837,2025-10-02 14:39:59,2025-12-11 14:38:46,401263,-,-
5837,2025-10-02 14:39:59,2025-12-11 14:38:46,401275,-,-
5837,2025-10-02 14:39:59,2025-12-11 14:38:46,401278,-,-
5837,2025-10-02 14:39:59,2025-12-11 14:38:46,401263,-,-
5837,2025-10-02 14:39:59,2025-12-11 14:38:46,401275,-,-
5837,2025-10-02 14:39:59,2025-12-11 14:38:46,401278,-,-
5837,2025-10-02 14:39:59,2025-12-11 14:38:46,401263,-,-
5837,2025-10-02 14:39:59,2025-12-11 14:38:46,401275,-,-
5837,2025-10-02 14:39:59,2025-12-11 14:38:46,401278,-,-
5837,2025-10-02 14:39:59,2025-12-11 14:38:46,401263,-,-
5837,2025-10-02 14:39:59,2025-12-11 14:38:46,401275,-,-
5837,2025-10-02 14:39:59,2025-12-11 14:38:46,401277,-,-
5837,2025-10-02 14:39:59,2025-12-11 14:38:46,401271,-,-
5837,2025-10-02 14:39:59,2025-12-11 14:38:46,401274,-,-
5837,2025-10-02 14:39:59,2025-12-11 14:38:46,401277,-,-
5837,2025-10-02 14:39:59,2025-12-11 14:38:46,401271,-,-
5837,2025-10-02 14:39:59,2025-12-11 14:38:46,401274,-,-
5837,2025-10-02 14:39:59,2025-12-11 14:38:46,401277,-,-
5837,2025-10-02 14:39:59,2025-12-11 14:38:46,401271,-,-
5837,2025-10-02 14:39:59,2025-12-11 14:38:46,401274,-,-
5837,2025-10-02 14:39:59,2025-12-11 14:38:46,401277,-,-
5837,2025-10-02 14:39:59,2025-12-11 14:38:46,401271,-,-
5837,2025-10-02 14:39:59,2025-12-11 14:38:46,401274,-,-
5837,2025-10-02 14:39:59,2025-12-11 14:38:46,401276,-,-
5837,2025-10-02 14:39:59,2025-12-11 14:38:46,401272,-,-
5837,2025-10-02 14:39:59,2025-12-11 14:38:46,401273,-,-
5837,2025-10-02 14:39:59,2025-12-11 14:38:46,401276,-,-
5837,2025-10-02 14:39:59,2025-12-11 14:38:46,401272,-,-
5837,2025-10-02 14:39:59,2025-12-11 14:38:46,401273,-,-
5837,2025-10-02 14:39:59,2025-12-11 14:38:46,401276,-,-
5837,2025-10-02 14:39:59,2025-12-11 14:38:46,401272,-,-
5837,2025-10-02 14:39:59,2025-12-11 14:38:46,401273,-,-
5837,2025-10-02 14:39:59,2025-12-11 14:38:46,401276,-,-
5837,2025-10-02 14:39:59,2025-12-11 14:38:46,401272,-,-
5837,2025-10-02 14:39:59,2025-12-11 14:38:46,401273,-,-
5838,2025-10-02 14:51:49,2025-11-24 14:19:53,205020,-,-
5841,2025-10-03 09:37:15,2025-10-22 14:01:03,401077,1500,UN
5841,2025-10-03 09:37:15,2025-10-22 14:01:03,401077,2000,UN
5850,2025-10-06 08:39:51,2025-10-06 11:18:25,811913,3000,UN
5850,2025-10-06 08:39:51,2025-10-06 11:18:25,811914,4000,UN
5853,2025-10-06 08:41:33,2025-11-27 10:33:38,811913,3000,UN
5853,2025-10-06 08:41:33,2025-11-27 10:33:38,811914,4000,UN
5854,2025-10-06 16:18:24,2025-11-24 08:33:05,401182,1500,UN
5854,2025-10-06 16:18:24,2025-11-24 08:33:05,401156,60000,UN
5854,2025-10-06 16:18:24,2025-11-24 08:33:05,401169,20000,UN
5854,2025-10-06 16:18:24,2025-11-24 08:33:05,401199,4000,UN
5854,2025-10-06 16:18:24,2025-11-24 08:33:05,401254,1200,UN
5856,2025-10-06 10:34:13,2025-10-17 14:18:32,811311,30000,UN
5858,2025-10-06 12:00:50,2025-11-04 06:51:26,510027,1,UN
5859,2025-10-06 12:16:15,2025-11-04 14:18:13,402012,15000,UN
5859,2025-10-06 12:16:15,2025-11-04 14:18:13,402019,15000,UN
5862,2025-10-06 15:58:45,2025-11-24 08:30:09,402017,5000,UN
5862,2025-10-06 15:58:45,2025-11-24 08:30:09,402042,1000,UN
5862,2025-10-06 15:58:45,2025-11-24 08:30:09,401161,10000,UN
5868,2025-10-07 13:50:59,2025-10-20 15:37:02,411015,8000,UN
5877,2025-10-08 11:35:05,2025-10-20 12:14:15,202091,4000,KG
5877,2025-10-08 11:35:05,2025-10-20 12:14:15,37600,-,-
5884,2025-10-09 15:57:08,2025-11-17 13:30:02,201038,-,-
5884,2025-10-09 15:57:08,2025-11-17 13:30:02,201109,-,-
5884,2025-10-09 15:57:08,2025-11-17 13:30:02,201039,-,-
5884,2025-10-09 15:57:08,2025-11-17 13:30:02,43114,-,-
5898,2025-10-13 12:25:13,2025-10-29 16:39:40,403049,1500,UN
5898,2025-10-13 12:25:13,2025-10-29 16:39:40,403049,3000,UN
5902,2025-10-13 16:19:56,2026-01-06 15:21:57,47797,20,UN
5903,2025-10-13 15:25:37,2025-10-21 11:11:57,39681,2,UN
5905,2025-10-14 09:46:40,2025-12-01 14:35:02,811787,2000,UN
5916,2025-10-16 11:20:23,2025-10-23 07:10:18,32253,01,UN
5920,2025-10-16 14:44:34,2025-10-27 09:37:40,202062,500,KG
5947,2025-10-21 16:34:09,2025-11-13 07:24:12,202033,8000,KG
5947,2025-10-21 16:34:09,2025-11-13 07:24:12,202093,200,KG
5954,2025-10-22 09:44:14,2026-01-27 08:27:59,37926,2,UN
5954,2025-10-22 09:44:14,2026-01-27 08:27:59,47673,20,UN
5954,2025-10-22 09:44:14,2026-01-27 08:27:59,33044,3,UN
5957,2025-10-22 09:46:35,2025-11-19 07:07:37,36111,4,UN
5957,2025-10-22 09:46:35,2025-11-19 07:07:37,33402,5,UN
5961,2025-10-22 14:58:39,2025-11-19 07:09:04,402018,1500,M
5964,2025-10-22 15:35:49,2025-12-01 09:52:54,811306,40000,UN
5968,2025-10-22 16:22:58,2025-10-22 16:25:57,202094,4000,KG
5969,2025-10-22 16:38:21,2026-02-24 14:49:13,202091,4000,KG
5969,2025-10-22 16:38:21,2026-02-24 14:49:13,202094,4000,KG
5969,2025-10-22 16:38:21,2026-02-24 14:49:13,202091,-,-
5969,2025-10-22 16:38:21,2026-02-24 14:49:13,202091,6000,KG
5973,2025-10-23 10:08:48,2025-11-17 13:44:05,49975,04,UN
5983,2025-10-24 11:16:55,2026-01-07 16:45:41,47486,5,UN
5984,2025-10-24 11:39:50,2025-11-27 11:12:57,811921,-,-
5985,2025-10-24 14:38:22,2026-01-06 14:54:40,811919,-,-
5985,2025-10-24 14:38:22,2026-01-06 14:54:40,811920,-,-
5986,2025-10-24 15:38:12,2025-11-27 09:11:39,411048,1200,M
5989,2025-10-27 10:52:19,2025-11-27 10:37:51,401007,300000,UN
5989,2025-10-27 10:52:19,2025-11-27 10:37:51,402028,60000,UN
5989,2025-10-27 10:52:19,2025-11-27 10:37:51,401007,300000,UN
5989,2025-10-27 10:52:19,2025-11-27 10:37:51,402028,60000,UN
5989,2025-10-27 10:52:19,2025-11-27 10:37:51,401207,30000,UN
5991,2025-10-27 11:38:10,2025-10-31 16:25:30,401207,30000,UN
5995,2025-10-27 10:50:10,2025-11-13 13:53:12,401163,250000,UN
6019,2025-10-30 15:38:24,2025-11-19 07:10:54,101870,4000,UN
6024,2025-10-31 09:29:45,2025-10-31 09:30:15,202091,4000,KG
6025,2025-10-31 09:31:14,2025-11-06 07:43:45,202074,4000,KG
6041,2025-11-03 16:57:22,2026-01-27 08:27:19,38124,5,UN
6041,2025-11-03 16:57:22,2026-01-27 08:27:19,38104,5,UN
6075,2025-11-06 15:13:51,2025-12-12 13:59:52,49981,-,-
6078,2025-11-06 17:09:22,2025-11-07 08:03:31,401141,1000,UN
6080,2025-11-06 17:06:50,2025-12-02 14:29:18,401014,15000,UN
6080,2025-11-06 17:06:50,2025-12-02 14:29:18,401095,15000,UN
6080,2025-11-06 17:06:50,2025-12-02 14:29:18,402017,5000,UN
6080,2025-11-06 17:06:50,2025-12-02 14:29:18,401141,1000,UN
6080,2025-11-06 17:06:50,2025-12-02 14:29:18,401014,20000,UN
6080,2025-11-06 17:06:50,2025-12-02 14:29:18,401095,15000,UN
6080,2025-11-06 17:06:50,2025-12-02 14:29:18,402017,5000,UN
6080,2025-11-06 17:06:50,2025-12-02 14:29:18,401141,1000,UN
6088,2025-11-07 15:58:05,2025-12-17 12:24:07,102573,700,KG
6088,2025-11-07 15:58:05,2025-12-17 12:24:07,102574,100,KG
6098,2025-11-10 12:01:20,2026-01-27 08:28:48,40660,5,UN
6098,2025-11-10 12:01:20,2026-01-27 08:28:48,41331,2,UN
6099,2025-11-10 12:09:20,2025-12-09 11:09:13,402015,20000,UN
6102,2025-11-10 13:55:15,2026-01-16 10:59:26,811824,100,UN
6108,2025-11-11 08:38:34,2026-01-12 14:27:26,811760,10000,UN
6142,2025-11-18 10:31:51,2025-12-03 08:37:31,401187,10,KG
6153,2025-11-21 09:22:22,2025-11-24 08:07:19,408013,-,-
6155,2025-11-21 09:40:00,2025-12-09 11:08:42,510027,1,UN
6178,2025-11-25 13:55:29,2025-12-03 08:37:51,101819,30000,UN
6179,2025-11-25 14:16:42,2025-11-26 08:08:28,401169,40000,UN
6181,2025-11-25 15:19:11,2025-11-25 15:20:08,47592,2,UN
6182,2025-11-25 15:20:59,2025-12-09 11:09:00,47592,2,UN
6184,2025-11-26 08:09:18,2025-12-15 09:09:25,811311,30000,UN
6214,2025-12-01 15:25:16,2026-01-09 08:48:29,202090,1000,KG
6214,2025-12-01 15:25:16,2026-01-09 08:48:29,701233,-,-
6214,2025-12-01 15:25:16,2026-01-09 08:48:29,701164,-,-
6215,2025-12-01 15:59:16,2026-01-30 16:32:17,811122,15000,UN
6216,2025-12-01 17:01:14,2026-01-08 16:07:05,401181,200,UN
6216,2025-12-01 17:01:14,2026-01-08 16:07:05,401254,1000,UN
6216,2025-12-01 17:01:14,2026-01-08 16:07:05,401260,10000,UN
6216,2025-12-01 17:01:14,2026-01-08 16:07:05,401051,800,UN
6216,2025-12-01 17:01:14,2026-01-08 16:07:05,401051,800,UN
6216,2025-12-01 17:01:14,2026-01-08 16:07:05,401254,1000,UN
6216,2025-12-01 17:01:14,2026-01-08 16:07:05,401181,200,UN
6275,2025-12-10 15:33:32,2025-12-10 15:34:10,201038,-,-
6275,2025-12-10 15:33:32,2025-12-10 15:34:10,201109,-,-
6275,2025-12-10 15:33:32,2025-12-10 15:34:10,201109,-,-
6276,2025-12-10 15:36:36,2026-02-11 11:35:29,201038,-,-
6276,2025-12-10 15:36:36,2026-02-11 11:35:29,201039,-,-
6276,2025-12-10 15:36:36,2026-02-11 11:35:29,201109,-,-
6276,2025-12-10 15:36:36,2026-02-11 11:35:29,201039,-,-
6276,2025-12-10 15:36:36,2026-02-11 11:35:29,40483,-,-
6286,2025-12-12 08:02:18,2026-01-20 08:55:10,402015,20000,UN
6286,2025-12-12 08:02:18,2026-01-20 08:55:10,402019,30000,UN
6286,2025-12-12 08:02:18,2026-01-20 08:55:10,402015,20000,UN
6286,2025-12-12 08:02:18,2026-01-20 08:55:10,402019,30000,UN
6286,2025-12-12 08:02:18,2026-01-20 08:55:10,402005,20000,UN
6287,2025-12-12 08:17:28,2026-01-13 10:54:39,510027,-,-
6289,2025-12-12 08:24:37,2025-12-15 12:04:33,33402,5,UN
6289,2025-12-12 08:24:37,2025-12-15 12:04:33,36111,5,UN
6292,2025-12-12 11:51:13,2026-01-27 08:10:59,403049,3000,UN
6296,2025-12-12 12:26:01,2025-12-12 12:30:32,401069,20000,UN
6296,2025-12-12 12:26:01,2025-12-12 12:30:32,401109,3000,UN
6296,2025-12-12 12:26:01,2025-12-12 12:30:32,411085,20000,UN
6296,2025-12-12 12:26:01,2025-12-12 12:30:32,401108,70000,UN
6296,2025-12-12 12:26:01,2025-12-12 12:30:32,401164,25000,UN
6296,2025-12-12 12:26:01,2025-12-12 12:30:32,401207,30000,UN
6296,2025-12-12 12:26:01,2025-12-12 12:30:32,402017,8000,UN
6297,2025-12-12 12:31:27,2026-01-27 08:11:58,401069,20000,UN
6297,2025-12-12 12:31:27,2026-01-27 08:11:58,401109,3000,UN
6297,2025-12-12 12:31:27,2026-01-27 08:11:58,401085,20000,UN
6297,2025-12-12 12:31:27,2026-01-27 08:11:58,401108,70000,UN
6297,2025-12-12 12:31:27,2026-01-27 08:11:58,401164,25000,UN
6297,2025-12-12 12:31:27,2026-01-27 08:11:58,401207,30000,UN
6297,2025-12-12 12:31:27,2026-01-27 08:11:58,402017,8000,UN
6297,2025-12-12 12:31:27,2026-01-27 08:11:58,401077,2000,UN
6297,2025-12-12 12:31:27,2026-01-27 08:11:58,401279,100,UN
6297,2025-12-12 12:31:27,2026-01-27 08:11:58,402017,8000,UN
6297,2025-12-12 12:31:27,2026-01-27 08:11:58,401069,20000,UN
6297,2025-12-12 12:31:27,2026-01-27 08:11:58,401109,3000,UN
6297,2025-12-12 12:31:27,2026-01-27 08:11:58,401085,20000,UN
6297,2025-12-12 12:31:27,2026-01-27 08:11:58,401108,70000,UN
6297,2025-12-12 12:31:27,2026-01-27 08:11:58,401164,25000,UN
6297,2025-12-12 12:31:27,2026-01-27 08:11:58,401207,30000,UN
6297,2025-12-12 12:31:27,2026-01-27 08:11:58,401077,2000,UN
6297,2025-12-12 12:31:27,2026-01-27 08:11:58,401279,100,UN
6297,2025-12-12 12:31:27,2026-01-27 08:11:58,402017,8000,UN
6297,2025-12-12 12:31:27,2026-01-27 08:11:58,40583,-,-
6307,2025-12-15 12:06:21,2026-02-11 11:35:13,33402,5,UN
6307,2025-12-15 12:06:21,2026-02-11 11:35:13,36111,5,UN
6307,2025-12-15 12:06:21,2026-02-11 11:35:13,33402,-,-
6307,2025-12-15 12:06:21,2026-02-11 11:35:13,36111,-,-
6307,2025-12-15 12:06:21,2026-02-11 11:35:13,40742,-,-
6308,2025-12-15 13:47:39,2026-01-24 12:14:37,916117,300,UN
6310,2025-12-15 14:12:34,2025-12-15 16:40:00,411048,2000,M
6323,2025-12-16 17:15:20,2026-02-09 14:53:51,401161,10000,UN
6323,2025-12-16 17:15:20,2026-02-09 14:53:51,401190,300,UN
6323,2025-12-16 17:15:20,2026-02-09 14:53:51,401199,3000,UN
6323,2025-12-16 17:15:20,2026-02-09 14:53:51,401234,600,UN
6323,2025-12-16 17:15:20,2026-02-09 14:53:51,402024,300,UN
6323,2025-12-16 17:15:20,2026-02-09 14:53:51,201125,20000,UN
6323,2025-12-16 17:15:20,2026-02-09 14:53:51,401077,200,UN
6323,2025-12-16 17:15:20,2026-02-09 14:53:51,401095,15000,UN
6323,2025-12-16 17:15:20,2026-02-09 14:53:51,401141,600,UN
6323,2025-12-16 17:15:20,2026-02-09 14:53:51,917738,-,-
6323,2025-12-16 17:15:20,2026-02-09 14:53:51,401161,10000,UN
6323,2025-12-16 17:15:20,2026-02-09 14:53:51,401234,600,UN
6324,2025-12-16 17:23:14,2026-02-24 11:11:52,411058,900,M
6325,2025-12-16 17:29:15,2026-01-28 09:32:09,202062,400,KG
6329,2025-12-17 12:19:52,2026-01-27 08:13:39,101819,40000,UN
6329,2025-12-17 12:19:52,2026-01-27 08:13:39,101819,30000,UN
6367,2026-01-05 15:46:46,2026-01-24 12:13:53,501084,-,-
6390,2026-01-07 14:56:28,2026-02-09 08:05:56,801132,-,-
6390,2026-01-07 14:56:28,2026-02-09 08:05:56,40646,-,-
6402,2026-01-08 09:39:47,2026-01-24 08:12:09,411048,2000,M
6403,2026-01-08 09:46:29,2026-01-20 08:54:00,402012,20000,UN
6405,2026-01-08 15:03:56,2026-01-09 08:14:27,401262,-,-
6405,2026-01-08 15:03:56,2026-01-09 08:14:27,401275,-,-
6419,2026-01-12 09:57:25,2026-02-13 07:19:13,401115,30000,UN
6419,2026-01-12 09:57:25,2026-02-13 07:19:13,401156,40000,UN
6419,2026-01-12 09:57:25,2026-02-13 07:19:13,401181,200,UN
6419,2026-01-12 09:57:25,2026-02-13 07:19:13,401260,10000,UN
6419,2026-01-12 09:57:25,2026-02-13 07:19:13,401101,20000,UN
6419,2026-01-12 09:57:25,2026-02-13 07:19:13,401067,80000,UN
6419,2026-01-12 09:57:25,2026-02-13 07:19:13,401260,10000,UN
6419,2026-01-12 09:57:25,2026-02-13 07:19:13,401252,-,-
6419,2026-01-12 09:57:25,2026-02-13 07:19:13,40646,-,-
6421,2026-01-12 11:18:36,2026-02-11 11:38:24,33402,5,UN
6421,2026-01-12 11:18:36,2026-02-11 11:38:24,36111,5,UN
6426,2026-01-13 07:18:36,2026-02-12 13:47:27,510027,-,-
6452,2026-01-16 09:12:29,2026-01-16 09:13:53,102573,800,KG
6452,2026-01-16 09:12:29,2026-01-16 09:13:53,102573,200,KG
6452,2026-01-16 09:12:29,2026-01-16 09:13:53,102575,100,KG
6455,2026-01-16 09:15:18,2026-02-11 11:39:43,102574,200,KG
6455,2026-01-16 09:15:18,2026-02-11 11:39:43,102575,100,KG
6455,2026-01-16 09:15:18,2026-02-11 11:39:43,102573,800,KG
6455,2026-01-16 09:15:18,2026-02-11 11:39:43,102574,200,KG
6455,2026-01-16 09:15:18,2026-02-11 11:39:43,102575,200,KG
6512,2026-01-23 16:05:24,2026-02-10 10:06:25,202074,3000,KG
6512,2026-01-23 16:05:24,2026-02-10 10:06:25,202090,1000,KG
6513,2026-01-23 16:10:55,2026-02-09 08:05:37,32254,-,-
6529,2026-01-27 16:24:09,2026-01-27 16:25:43,401169,20000,UN
6529,2026-01-27 16:24:09,2026-01-27 16:25:43,401207,-,-
6529,2026-01-27 16:24:09,2026-01-27 16:25:43,401085,45000,UN
6529,2026-01-27 16:24:09,2026-01-27 16:25:43,401108,70000,UN
6553,2026-02-02 07:59:45,2026-02-11 11:40:36,411039,10000,M
6556,2026-02-02 09:57:19,2026-02-20 07:27:10,401051,600,UN
6556,2026-02-02 09:57:19,2026-02-20 07:27:10,401109,2000,UN
6556,2026-02-02 09:57:19,2026-02-20 07:27:10,401201,200,UN
6556,2026-02-02 09:57:19,2026-02-20 07:27:10,402028,50000,UN
6556,2026-02-02 09:57:19,2026-02-20 07:27:10,402042,300,UN
6561,2026-02-02 14:56:22,2026-02-09 08:05:14,202082,01,UN
6563,2026-02-02 16:28:18,2026-02-26 15:28:29,811915,2000,UN
6563,2026-02-02 16:28:18,2026-02-26 15:28:29,811916,1000,UN
6564,2026-02-03 07:28:58,2026-02-24 14:49:01,202094,4000,KG
6574,2026-02-05 08:23:36,2026-02-05 14:55:16,101819,50000,UN
6580,2026-02-05 12:29:42,2026-02-13 07:16:06,48034,-,-
6580,2026-02-05 12:29:42,2026-02-13 07:16:06,48035,-,-
6580,2026-02-05 12:29:42,2026-02-13 07:16:06,41282,-,-
6657,2026-02-18 08:46:37,2026-02-18 08:46:48,916325,1000,M
6671,2026-02-18 15:53:42,2026-02-23 12:08:23,813396,-,-
6671,2026-02-18 15:53:42,2026-02-23 12:08:23,813397,-,-
6671,2026-02-18 15:53:42,2026-02-23 12:08:23,813398,-,-
6671,2026-02-18 15:53:42,2026-02-23 12:08:23,813399,-,-
6671,2026-02-18 15:53:42,2026-02-23 12:08:23,813400,-,-
6671,2026-02-18 15:53:42,2026-02-23 12:08:23,813606,-,-
6671,2026-02-18 15:53:42,2026-02-23 12:08:23,813607,-,-
6671,2026-02-18 15:53:42,2026-02-23 12:08:23,813570,-,-
6694,2026-02-24 11:41:55,2026-02-24 11:42:38,801132,20000,UN
